_id,contractor_name,company,roof_size_sqft,roof_type,project_city,project_state,project_date,__v,contractorName,roofSize,roofType,projectCity,projectState,projectDate
6802d86005bee83d0ddfe545,Orbpc Nfgpb,RoofPros Inc.,1117,TPO,Henderson,NV,2024-02-19,0,,,,,,
6802d86005bee83d0ddfe546,Dcugmlxq Qrxffjzw,EcoRoofs Inc.,1745,PVC,Raleigh,NC,2022-01-23,0,,,,,,
6802d86005bee83d0ddfe547,Smolk Mothruaj,Skyline Roofing Inc.,4968,TPO,Los Angeles,CA,2022-12-23,0,,,,,,
6802d86005bee83d0ddfe548,Qlsvcnh Medrf,Skyline Roofing Inc.,1338,EPDM,Miami,FL,2024-03-31,0,,,,,,
6802d86005bee83d0ddfe549,Brdioszp Nuidi,Alpha Build Inc.,4803,Shingle,Henderson,NV,2022-10-08,0,,,,,,
6802d86005bee83d0ddfe54a,Cqrdezzq Fvrlj,EcoRoofs Inc.,8560,EPDM,Rochester,NY,2022-12-14,0,,,,,,
6802d86005bee83d0ddfe54b,Bwoce Wtthkuh,EcoRoofs Inc.,6177,Metal,Tacoma,WA,2022-08-31,0,,,,,,
6802d86005bee83d0ddfe54c,Wgzpvzih Zgtmqnv,Alpha Build Inc.,2962,PVC,Raleigh,NC,2023-01-30,0,,,,,,
6802d86005bee83d0ddfe54d,Kxmha Hplued,Skyline Roofing Inc.,1560,Foam,Miami,FL,2024-03-14,0,,,,,,
6802d86005bee83d0ddfe54e,Ijcipnvz Okmqcey,RoofPros Inc.,4312,Foam,Seattle,WA,2023-08-18,0,,,,,,
6802d86005bee83d0ddfe54f,Djroodup Mhpgusk,TopShield Inc.,4088,Shingle,Dallas,TX,2023-09-28,0,,,,,,
6802d86005bee83d0ddfe550,Wlebiya Emkfc,Skyline Roofing Inc.,4259,TPO,Naperville,IL,2022-04-17,0,,,,,,
6802d86005bee83d0ddfe551,Apmabdjy Vrfixpty,RoofPros Inc.,2117,EPDM,Rochester,NY,2023-12-04,0,,,,,,
6802d86005bee83d0ddfe552,Wjpcurr Itcig,Skyline Roofing Inc.,8721,TPO,Houston,TX,2022-03-09,0,,,,,,
6802d86005bee83d0ddfe553,Acjvpbzk Spffpcn,EcoRoofs Inc.,3901,EPDM,Naperville,IL,2023-03-31,0,,,,,,
6802d86005bee83d0ddfe554,Vkdbqhf Ntwkzce,RoofPros Inc.,7569,Foam,Chicago,IL,2023-10-27,0,,,,,,
6802d86005bee83d0ddfe555,Quqbrkev Hizmb,Skyline Roofing Inc.,3639,Metal,Chicago,IL,2024-02-06,0,,,,,,
6802d86005bee83d0ddfe556,Qhvmfqvq Vhbgvn,RoofPros Inc.,5561,EPDM,Raleigh,NC,2022-02-08,0,,,,,,
6802d86005bee83d0ddfe557,Jrvehm Owdtrb,EcoRoofs Inc.,4640,PVC,San Francisco,CA,2024-03-18,0,,,,,,
6802d86005bee83d0ddfe558,Vrhqrynx Nbmfuzt,Skyline Roofing Inc.,1487,TPO,Austin,TX,2023-06-13,0,,,,,,
6802d86005bee83d0ddfe559,Vvnuzyn Cwxuk,TopShield Inc.,6319,TPO,Durham,NC,2022-12-25,0,,,,,,
6802d86005bee83d0ddfe55a,Zigula Vcmnobn,Alpha Build Inc.,4067,EPDM,Tucson,AZ,2023-01-23,0,,,,,,
6802d86005bee83d0ddfe55b,Ylnibtr Emrcuuxn,Alpha Build Inc.,1416,EPDM,San Diego,CA,2022-06-24,0,,,,,,
6802d86005bee83d0ddfe55c,Hbkwn Ktadjq,EcoRoofs Inc.,9615,Foam,New York,NY,2023-03-01,0,,,,,,
6802d86005bee83d0ddfe55d,Xminvd Hoxuip,RoofPros Inc.,3430,Metal,New York,NY,2022-06-25,0,,,,,,
6802d86005bee83d0ddfe55e,Durtvvpi Ackwgwxy,RoofPros Inc.,3605,Shingle,Tucson,AZ,2023-06-14,0,,,,,,
6802d86005bee83d0ddfe55f,Jbwrb Zqrimrr,Alpha Build Inc.,3772,Shingle,Orlando,FL,2023-05-28,0,,,,,,
6802d86005bee83d0ddfe560,Trewp Itrtjim,RoofPros Inc.,4869,TPO,Austin,TX,2024-03-31,0,,,,,,
6802d86005bee83d0ddfe561,Jofsdah Ehcyagjb,Alpha Build Inc.,3699,Foam,Colorado Springs,CO,2022-09-03,0,,,,,,
6802d86005bee83d0ddfe562,Zymknrhy Xtyyyk,Alpha Build Inc.,4330,Shingle,Spokane,WA,2022-09-22,0,,,,,,
6802d86005bee83d0ddfe563,Ymcjityf Jecmhr,Alpha Build Inc.,1889,Shingle,Henderson,NV,2024-01-29,0,,,,,,
6802d86005bee83d0ddfe564,Sarjls Zvvcr,TopShield Inc.,1279,Shingle,San Diego,CA,2023-05-31,0,,,,,,
6802d86005bee83d0ddfe565,Ljfnxa Htaiupii,Skyline Roofing Inc.,4622,PVC,Henderson,NV,2023-02-22,0,,,,,,
6802d86005bee83d0ddfe566,Nvrorm Qjrgq,TopShield Inc.,5321,Foam,Springfield,IL,2022-06-29,0,,,,,,
6802d86005bee83d0ddfe567,Znygn Rtmeth,Skyline Roofing Inc.,2329,TPO,Las Vegas,NV,2024-03-19,0,,,,,,
6802d86005bee83d0ddfe568,Pyslq Wugxrzcb,RoofPros Inc.,9536,TPO,Reno,NV,2022-01-18,0,,,,,,
6802d86005bee83d0ddfe569,Apoyr Nzzec,Alpha Build Inc.,1932,PVC,New York,NY,2023-06-24,0,,,,,,
6802d86005bee83d0ddfe56a,Jkjto Ztpoirmd,RoofPros Inc.,9159,Shingle,Henderson,NV,2024-02-27,0,,,,,,
6802d86005bee83d0ddfe56b,Qqfae Lizcmfzd,RoofPros Inc.,3742,TPO,Charlotte,NC,2022-11-08,0,,,,,,
6802d86005bee83d0ddfe56c,Tyvrkhci Rhwuah,EcoRoofs Inc.,1558,TPO,Mesa,AZ,2023-09-05,0,,,,,,
6802d86005bee83d0ddfe56d,Eoccnoi Ftebtu,EcoRoofs Inc.,7457,PVC,San Diego,CA,2022-03-28,0,,,,,,
6802d86005bee83d0ddfe56e,Nmhgq Eoogw,EcoRoofs Inc.,8637,Shingle,Seattle,WA,2024-02-06,0,,,,,,
6802d86005bee83d0ddfe56f,Yhcpvr Rjdupwun,Skyline Roofing Inc.,7212,Shingle,Tampa,FL,2024-03-11,0,,,,,,
6802d86005bee83d0ddfe570,Kwkfdf Hiyjunp,EcoRoofs Inc.,2046,PVC,Reno,NV,2023-12-13,0,,,,,,
6802d86005bee83d0ddfe571,Zsslvtzt Kvtaubn,EcoRoofs Inc.,5975,PVC,San Diego,CA,2023-01-29,0,,,,,,
6802d86005bee83d0ddfe572,Bcdcxpyz Jmqcd,RoofPros Inc.,6286,EPDM,Los Angeles,CA,2023-10-02,0,,,,,,
6802d86005bee83d0ddfe573,Tjgkzv Koernos,TopShield Inc.,5937,EPDM,Buffalo,NY,2023-08-06,0,,,,,,
6802d86005bee83d0ddfe574,Xffxld Lskdtvm,EcoRoofs Inc.,9608,Shingle,San Francisco,CA,2024-02-07,0,,,,,,
6802d86005bee83d0ddfe575,Tsjfdbau Wvspns,Skyline Roofing Inc.,2585,TPO,Tucson,AZ,2022-02-13,0,,,,,,
6802d86005bee83d0ddfe576,Eewtx Rmtgesa,TopShield Inc.,2882,EPDM,Colorado Springs,CO,2023-11-06,0,,,,,,
6802d86005bee83d0ddfe577,Edvxmuw Boiql,EcoRoofs Inc.,1424,Metal,Naperville,IL,2022-10-27,0,,,,,,
6802d86005bee83d0ddfe578,Rdjlb Prdtz,EcoRoofs Inc.,1907,EPDM,New York,NY,2022-10-02,0,,,,,,
6802d86005bee83d0ddfe579,Fwyerlnc Hbjmmngw,EcoRoofs Inc.,6029,Metal,Tacoma,WA,2022-11-14,0,,,,,,
6802d86005bee83d0ddfe57a,Bzbvstn Rhfbuw,RoofPros Inc.,6799,PVC,Rochester,NY,2022-11-14,0,,,,,,
6802d86005bee83d0ddfe57b,Upemweuw Oxvfkhu,Alpha Build Inc.,4064,Shingle,Raleigh,NC,2023-11-04,0,,,,,,
6802d86005bee83d0ddfe57c,Usjcordd Jxdnujl,RoofPros Inc.,4840,Foam,Reno,NV,2022-11-21,0,,,,,,
6802d86005bee83d0ddfe57d,Vhvglze Hziyqg,Alpha Build Inc.,1158,Foam,Raleigh,NC,2024-01-06,0,,,,,,
6802d86005bee83d0ddfe57e,Euhmye Eotkevbs,TopShield Inc.,9334,Metal,Rochester,NY,2022-05-06,0,,,,,,
6802d86005bee83d0ddfe57f,Fgnjocwi Inzwhdgk,EcoRoofs Inc.,2349,PVC,Denver,CO,2023-05-04,0,,,,,,
6802d86005bee83d0ddfe580,Hgghyuw Nkoejie,TopShield Inc.,8319,TPO,Charlotte,NC,2022-04-17,0,,,,,,
6802d86005bee83d0ddfe581,Kbsyjipi Iyzoi,TopShield Inc.,9694,PVC,Austin,TX,2023-03-16,0,,,,,,
6802d86005bee83d0ddfe582,Woccgnb Lxddjvw,TopShield Inc.,4059,Shingle,Raleigh,NC,2022-03-08,0,,,,,,
6802d86005bee83d0ddfe583,Lpfotgnz Sisgnj,RoofPros Inc.,3820,Metal,Rochester,NY,2022-10-05,0,,,,,,
6802d86005bee83d0ddfe584,Dvjwhjh Wqxsdfe,Skyline Roofing Inc.,6827,EPDM,Los Angeles,CA,2023-09-25,0,,,,,,
6802d86005bee83d0ddfe585,Vrithrgn Wbvfq,Alpha Build Inc.,5818,TPO,Colorado Springs,CO,2022-03-09,0,,,,,,
6802d86005bee83d0ddfe586,Kmjfdjzi Zoqter,TopShield Inc.,4823,TPO,Springfield,IL,2022-11-14,0,,,,,,
6802d86005bee83d0ddfe587,Tfqpzy Mnjdf,Alpha Build Inc.,2227,PVC,New York,NY,2024-01-06,0,,,,,,
6802d86005bee83d0ddfe588,Uxodgn Tsrnfci,Skyline Roofing Inc.,6249,Foam,Phoenix,AZ,2023-08-03,0,,,,,,
6802d86005bee83d0ddfe589,Oxgdlgjo Xztvcu,RoofPros Inc.,7435,PVC,San Francisco,CA,2024-02-11,0,,,,,,
6802d86005bee83d0ddfe58a,Ewaxda Kwlnnizr,Skyline Roofing Inc.,5825,Shingle,Tampa,FL,2023-04-05,0,,,,,,
6802d86005bee83d0ddfe58b,Znoawf Hbocbi,TopShield Inc.,6694,Shingle,Boulder,CO,2022-07-23,0,,,,,,
6802d86005bee83d0ddfe58c,Authoygm Tfhgyr,EcoRoofs Inc.,2388,Foam,Phoenix,AZ,2024-02-07,0,,,,,,
6802d86005bee83d0ddfe58d,Llkfmbmj Rycejp,Alpha Build Inc.,4275,PVC,Houston,TX,2022-07-18,0,,,,,,
6802d86005bee83d0ddfe58e,Iejnjgwq Vrvec,Skyline Roofing Inc.,2637,EPDM,Tacoma,WA,2023-06-11,0,,,,,,
6802d86005bee83d0ddfe58f,Jqhnlup Xglthqa,RoofPros Inc.,9968,TPO,Boulder,CO,2022-04-11,0,,,,,,
6802d86005bee83d0ddfe590,Iqizil Gtksjlo,EcoRoofs Inc.,3210,Metal,Miami,FL,2022-01-05,0,,,,,,
6802d86005bee83d0ddfe591,Oumjwfj Rptgo,Skyline Roofing Inc.,6472,Metal,Charlotte,NC,2023-12-07,0,,,,,,
6802d86005bee83d0ddfe592,Iejjayj Igubgzge,EcoRoofs Inc.,8586,Foam,Austin,TX,2023-04-08,0,,,,,,
6802d86005bee83d0ddfe593,Quargfq Vrwogajv,Alpha Build Inc.,7439,Shingle,Charlotte,NC,2024-02-20,0,,,,,,
6802d86005bee83d0ddfe594,Imhspgif Gakcfew,RoofPros Inc.,8082,Metal,Seattle,WA,2023-12-31,0,,,,,,
6802d86005bee83d0ddfe595,Bjoyk Twuzsgoo,TopShield Inc.,2878,EPDM,Denver,CO,2023-06-21,0,,,,,,
6802d86005bee83d0ddfe596,Glwrmzu Tqxlt,Skyline Roofing Inc.,8314,EPDM,Orlando,FL,2024-03-21,0,,,,,,
6802d86005bee83d0ddfe597,Myynbwcn Ilfss,RoofPros Inc.,7640,Foam,New York,NY,2023-03-20,0,,,,,,
6802d86005bee83d0ddfe598,Ikadbvnr Wpmjpa,RoofPros Inc.,2277,Metal,Las Vegas,NV,2022-07-30,0,,,,,,
6802d86005bee83d0ddfe599,Vbplxjgs Cznjufj,EcoRoofs Inc.,7021,EPDM,Austin,TX,2023-08-03,0,,,,,,
6802d86005bee83d0ddfe59a,Miofpes Ngfmxju,Skyline Roofing Inc.,9938,PVC,Durham,NC,2023-05-30,0,,,,,,
6802d86005bee83d0ddfe59b,Eoofremx Xvigy,TopShield Inc.,5800,EPDM,Tampa,FL,2023-07-06,0,,,,,,
6802d86005bee83d0ddfe59c,Ltcdoj Dsggiyvt,TopShield Inc.,8691,PVC,Houston,TX,2022-09-08,0,,,,,,
6802d86005bee83d0ddfe59d,Psidour Iujeyj,EcoRoofs Inc.,8616,PVC,San Francisco,CA,2022-12-26,0,,,,,,
6802d86005bee83d0ddfe59e,Kcrysec Nvsegksu,Alpha Build Inc.,3448,Shingle,Boulder,CO,2023-04-23,0,,,,,,
6802d86005bee83d0ddfe59f,Eejhmeq Cyhtq,TopShield Inc.,8080,Foam,Chicago,IL,2022-09-19,0,,,,,,
6802d86005bee83d0ddfe5a0,Bsvnfrju Okwtry,Skyline Roofing Inc.,3388,Shingle,Dallas,TX,2023-01-07,0,,,,,,
6802d86005bee83d0ddfe5a1,Qspgfj Mjravyqy,RoofPros Inc.,3804,EPDM,Tacoma,WA,2022-11-11,0,,,,,,
6802d86005bee83d0ddfe5a2,Czwkn Jkdsbyv,Alpha Build Inc.,8827,Metal,Denver,CO,2023-09-25,0,,,,,,
6802d86005bee83d0ddfe5a3,Qhqwkels Oyseqzq,Skyline Roofing Inc.,6649,Foam,Houston,TX,2022-01-25,0,,,,,,
6802d86005bee83d0ddfe5a4,Ezshe Chwyh,RoofPros Inc.,5470,PVC,Seattle,WA,2023-10-10,0,,,,,,
6802d86005bee83d0ddfe5a5,Dodvrct Vrhqrd,RoofPros Inc.,4215,Metal,Mesa,AZ,2023-08-07,0,,,,,,
6802d86005bee83d0ddfe5a6,Xyqjocjp Gnqlhyn,RoofPros Inc.,4379,EPDM,Tucson,AZ,2022-01-07,0,,,,,,
6802d86005bee83d0ddfe5a7,Wfwrhol Zoafijs,RoofPros Inc.,3271,Shingle,Charlotte,NC,2023-06-07,0,,,,,,
6802d86005bee83d0ddfe5a8,Cahlux Uvqogpo,Alpha Build Inc.,8698,Metal,Chicago,IL,2022-08-31,0,,,,,,
6802d86005bee83d0ddfe5a9,Rmjcav Axcgdv,TopShield Inc.,4696,TPO,Mesa,AZ,2023-04-08,0,,,,,,
6802d86005bee83d0ddfe5aa,Uxqqzmk Pwdljl,TopShield Inc.,3293,Metal,San Francisco,CA,2022-07-28,0,,,,,,
6802d86005bee83d0ddfe5ab,Nmqsuy Ologwn,Skyline Roofing Inc.,4592,Metal,Houston,TX,2024-01-18,0,,,,,,
6802d86005bee83d0ddfe5ac,Uuqbo Ipgokev,TopShield Inc.,9931,Shingle,Raleigh,NC,2023-03-30,0,,,,,,
6802d86005bee83d0ddfe5ad,Fmkmqb Obvhlz,Alpha Build Inc.,7296,PVC,Springfield,IL,2022-05-11,0,,,,,,
6802d86005bee83d0ddfe5ae,Efrcpib Lakpzyjb,Skyline Roofing Inc.,2460,PVC,Austin,TX,2022-07-02,0,,,,,,
6802d86005bee83d0ddfe5af,Cwjtvfw Hhhpriz,EcoRoofs Inc.,2658,Shingle,San Francisco,CA,2024-03-26,0,,,,,,
6802d86005bee83d0ddfe5b0,Ntayjq Hixonff,RoofPros Inc.,5412,Shingle,Springfield,IL,2022-04-25,0,,,,,,
6802d86005bee83d0ddfe5b1,Uyozgsj Ndectkg,Skyline Roofing Inc.,3013,Metal,Boulder,CO,2023-07-16,0,,,,,,
6802d86005bee83d0ddfe5b2,Pdtkyn Rcuquc,TopShield Inc.,1043,EPDM,San Diego,CA,2023-03-14,0,,,,,,
6802d86005bee83d0ddfe5b3,Kmzpw Vbzfiy,RoofPros Inc.,8009,Metal,Mesa,AZ,2024-03-24,0,,,,,,
6802d86005bee83d0ddfe5b4,Szcplv Juvwxtri,TopShield Inc.,8321,Foam,Colorado Springs,CO,2022-09-21,0,,,,,,
6802d86005bee83d0ddfe5b5,Ywwhkw Jkvclqav,RoofPros Inc.,3259,EPDM,Denver,CO,2022-01-21,0,,,,,,
6802d86005bee83d0ddfe5b6,Ttdeqny Sodxs,RoofPros Inc.,5909,Shingle,Los Angeles,CA,2022-09-06,0,,,,,,
6802d86005bee83d0ddfe5b7,Pysrjc Xatrev,Alpha Build Inc.,4750,Foam,Austin,TX,2023-02-05,0,,,,,,
6802d86005bee83d0ddfe5b8,Lvzrloth Hfdsq,Alpha Build Inc.,3589,PVC,Rochester,NY,2022-06-20,0,,,,,,
6802d86005bee83d0ddfe5b9,Xgetbai Mtsgukl,Skyline Roofing Inc.,5503,Metal,Boulder,CO,2023-04-25,0,,,,,,
6802d86005bee83d0ddfe5ba,Nkpts Yfhyn,TopShield Inc.,3033,Shingle,Dallas,TX,2023-07-23,0,,,,,,
6802d86005bee83d0ddfe5bb,Lznvihv Yusnsi,Alpha Build Inc.,1902,Metal,Las Vegas,NV,2023-11-28,0,,,,,,
6802d86005bee83d0ddfe5bc,Gzogns Xccivtnq,Alpha Build Inc.,7900,Metal,Tucson,AZ,2023-11-16,0,,,,,,
6802d86005bee83d0ddfe5bd,Epcmny Qwcbi,Skyline Roofing Inc.,8523,Shingle,Miami,FL,2023-11-30,0,,,,,,
6802d86005bee83d0ddfe5be,Svbatl Ymcvkkd,Skyline Roofing Inc.,4204,Foam,Tucson,AZ,2022-07-13,0,,,,,,
6802d86005bee83d0ddfe5bf,Rdvol Xtknxf,RoofPros Inc.,9818,Metal,Reno,NV,2023-01-23,0,,,,,,
6802d86005bee83d0ddfe5c0,Msejer Gmwzqi,TopShield Inc.,3701,EPDM,Miami,FL,2022-01-28,0,,,,,,
6802d86005bee83d0ddfe5c1,Gwiwihjw Enjxh,Skyline Roofing Inc.,3438,Shingle,Mesa,AZ,2023-07-30,0,,,,,,
6802d86005bee83d0ddfe5c2,Iqvvv Jhyqgh,EcoRoofs Inc.,8167,Shingle,Denver,CO,2023-09-05,0,,,,,,
6802d86005bee83d0ddfe5c3,Viojq Jgvpgv,Skyline Roofing Inc.,9446,EPDM,Los Angeles,CA,2023-01-21,0,,,,,,
6802d86005bee83d0ddfe5c4,Ontcdq Scsfvjb,Skyline Roofing Inc.,3735,TPO,San Diego,CA,2022-09-18,0,,,,,,
6802d86005bee83d0ddfe5c5,Jqwkha Mewnuzx,EcoRoofs Inc.,4301,TPO,Buffalo,NY,2023-07-09,0,,,,,,
6802d86005bee83d0ddfe5c6,Xmwnrboq Iqmvbc,Skyline Roofing Inc.,9695,EPDM,Seattle,WA,2022-10-07,0,,,,,,
6802d86005bee83d0ddfe5c7,Gkymjma Yfaigj,Skyline Roofing Inc.,1247,PVC,Dallas,TX,2023-06-08,0,,,,,,
6802d86005bee83d0ddfe5c8,Umkca Mndbvppe,RoofPros Inc.,2148,TPO,Denver,CO,2022-05-21,0,,,,,,
6802d86005bee83d0ddfe5c9,Ittved Zqglp,RoofPros Inc.,3814,TPO,Chicago,IL,2022-06-04,0,,,,,,
6802d86005bee83d0ddfe5ca,Skjrg Pzozlo,RoofPros Inc.,1842,Shingle,Charlotte,NC,2022-04-25,0,,,,,,
6802d86005bee83d0ddfe5cb,Oxvfkqki Tugvfk,EcoRoofs Inc.,2499,EPDM,Spokane,WA,2023-09-18,0,,,,,,
6802d86005bee83d0ddfe5cc,Ufcwk Odyozdcr,EcoRoofs Inc.,3979,Shingle,Denver,CO,2024-03-12,0,,,,,,
6802d86005bee83d0ddfe5cd,Srhrymeb Dzwepd,Alpha Build Inc.,2458,Metal,Miami,FL,2023-09-14,0,,,,,,
6802d86005bee83d0ddfe5ce,Uvsdnci Oytbtmec,TopShield Inc.,8489,Foam,Tacoma,WA,2023-03-27,0,,,,,,
6802d86005bee83d0ddfe5cf,Mnauep Aaplxfgs,Skyline Roofing Inc.,9606,EPDM,Tacoma,WA,2023-02-08,0,,,,,,
6802d86005bee83d0ddfe5d0,Iowvos Olpplqt,Alpha Build Inc.,6263,Foam,Seattle,WA,2022-08-20,0,,,,,,
6802d86005bee83d0ddfe5d1,Nvcwqgk Bfgwak,TopShield Inc.,3734,EPDM,Charlotte,NC,2022-09-01,0,,,,,,
6802d86005bee83d0ddfe5d2,Jivfp Ugtpfo,Alpha Build Inc.,9289,TPO,Los Angeles,CA,2022-07-16,0,,,,,,
6802d86005bee83d0ddfe5d3,Rshjeofz Qxeiwv,Skyline Roofing Inc.,1065,Foam,Reno,NV,2023-09-14,0,,,,,,
6802d86005bee83d0ddfe5d4,Xgmkx Goazx,Alpha Build Inc.,4930,TPO,Naperville,IL,2024-03-08,0,,,,,,
6802d86005bee83d0ddfe5d5,Cygcheyf Bmyprkte,RoofPros Inc.,7545,Foam,Houston,TX,2023-11-05,0,,,,,,
6802d86005bee83d0ddfe5d6,Swvcqgh Neuqqpni,EcoRoofs Inc.,7968,TPO,San Francisco,CA,2022-04-14,0,,,,,,
6802d86005bee83d0ddfe5d7,Srsxv Sbwjqbfa,TopShield Inc.,4900,Foam,Dallas,TX,2022-12-05,0,,,,,,
6802d86005bee83d0ddfe5d8,Ibnyvjpf Igrdgxgx,RoofPros Inc.,6754,EPDM,Houston,TX,2023-10-13,0,,,,,,
6802d86005bee83d0ddfe5d9,Dnodz Onuler,EcoRoofs Inc.,9173,Shingle,Los Angeles,CA,2023-06-30,0,,,,,,
6802d86005bee83d0ddfe5da,Wqduqwvt Fesaro,RoofPros Inc.,8580,TPO,Dallas,TX,2023-10-30,0,,,,,,
6802d86005bee83d0ddfe5db,Eramdo Gtcpad,Alpha Build Inc.,7267,Metal,Los Angeles,CA,2022-04-05,0,,,,,,
6802d86005bee83d0ddfe5dc,Ccpcxb Jnwygrki,TopShield Inc.,8411,EPDM,Chicago,IL,2023-11-04,0,,,,,,
6802d86005bee83d0ddfe5dd,Wbpyumc Dllngn,RoofPros Inc.,8944,TPO,Henderson,NV,2023-01-12,0,,,,,,
6802d86005bee83d0ddfe5de,Axiuegsb Jrprqy,Skyline Roofing Inc.,8769,Shingle,Las Vegas,NV,2023-04-05,0,,,,,,
6802d86005bee83d0ddfe5df,Fdmkrnir Zalzt,Skyline Roofing Inc.,4120,TPO,Spokane,WA,2022-10-09,0,,,,,,
6802d86005bee83d0ddfe5e0,Leqytnc Nbvadrr,TopShield Inc.,4969,Shingle,Buffalo,NY,2023-07-24,0,,,,,,
6802d86005bee83d0ddfe5e1,Qbatw Utlwyiy,Alpha Build Inc.,5289,Foam,Naperville,IL,2022-06-20,0,,,,,,
6802d86005bee83d0ddfe5e2,Aendu Ytrhxtyx,Skyline Roofing Inc.,8031,TPO,Los Angeles,CA,2022-10-29,0,,,,,,
6802d86005bee83d0ddfe5e3,Pzunxeet Wtyolxp,Alpha Build Inc.,8673,EPDM,Spokane,WA,2023-03-24,0,,,,,,
6802d86005bee83d0ddfe5e4,Zywbwlgk Mijkr,RoofPros Inc.,2528,Foam,Rochester,NY,2024-02-15,0,,,,,,
6802d86005bee83d0ddfe5e5,Zyttnb Myctukm,Alpha Build Inc.,4504,Metal,San Francisco,CA,2023-05-19,0,,,,,,
6802d86005bee83d0ddfe5e6,Zbhxnpj Cdksya,RoofPros Inc.,2571,TPO,San Diego,CA,2023-02-15,0,,,,,,
6802d86005bee83d0ddfe5e7,Qfcven Tctamn,Alpha Build Inc.,4973,Metal,Austin,TX,2023-11-21,0,,,,,,
6802d86005bee83d0ddfe5e8,Fkvapf Kreozdi,RoofPros Inc.,5666,Metal,Rochester,NY,2022-03-31,0,,,,,,
6802d86005bee83d0ddfe5e9,Ltejixpq Moeeyh,Skyline Roofing Inc.,3044,EPDM,Phoenix,AZ,2022-07-20,0,,,,,,
6802d86005bee83d0ddfe5ea,Mvohyq Lwftn,Alpha Build Inc.,9181,Foam,Phoenix,AZ,2023-08-20,0,,,,,,
6802d86005bee83d0ddfe5eb,Flciz Jjemebw,RoofPros Inc.,2637,EPDM,Denver,CO,2023-03-10,0,,,,,,
6802d86005bee83d0ddfe5ec,Fgymutou Jlfjng,Skyline Roofing Inc.,2944,Foam,Houston,TX,2023-05-29,0,,,,,,
6802d86005bee83d0ddfe5ed,Dkupex Tgpsave,RoofPros Inc.,4111,PVC,Tampa,FL,2023-09-17,0,,,,,,
6802d86005bee83d0ddfe5ee,Rfxzftfi Rjldhyr,TopShield Inc.,8137,Metal,Phoenix,AZ,2022-04-15,0,,,,,,
6802d86005bee83d0ddfe5ef,Ibqtsiy Ydexqzrk,RoofPros Inc.,4632,Shingle,Raleigh,NC,2022-04-01,0,,,,,,
6802d86005bee83d0ddfe5f0,Ebrmhnjr Lksudtr,TopShield Inc.,9735,Metal,Durham,NC,2022-11-27,0,,,,,,
6802d86005bee83d0ddfe5f1,Iblach Hgouyzgx,EcoRoofs Inc.,6704,Shingle,Tacoma,WA,2023-12-17,0,,,,,,
6802d86005bee83d0ddfe5f2,Lsyebgqk Gqxccdza,TopShield Inc.,1845,Shingle,Orlando,FL,2023-07-28,0,,,,,,
6802d86005bee83d0ddfe5f3,Rpvcej Hsbzmcu,TopShield Inc.,9509,PVC,Los Angeles,CA,2023-04-10,0,,,,,,
6802d86005bee83d0ddfe5f4,Ueoactz Gtvjkpus,Alpha Build Inc.,6026,PVC,Spokane,WA,2023-05-05,0,,,,,,
6802d86005bee83d0ddfe5f5,Fqmtlg Sdwqncb,TopShield Inc.,9151,PVC,Durham,NC,2023-10-05,0,,,,,,
6802d86005bee83d0ddfe5f6,Omzcm Rtnjbi,EcoRoofs Inc.,4468,EPDM,Tacoma,WA,2022-04-11,0,,,,,,
6802d86005bee83d0ddfe5f7,Jgwpr Uaehjkt,TopShield Inc.,6575,EPDM,Tampa,FL,2024-01-21,0,,,,,,
6802d86005bee83d0ddfe5f8,Fatpggoz Cjwsua,TopShield Inc.,2439,PVC,Henderson,NV,2022-03-20,0,,,,,,
6802d86005bee83d0ddfe5f9,Pztkg Canffba,Alpha Build Inc.,1599,Shingle,Springfield,IL,2023-01-29,0,,,,,,
6802d86005bee83d0ddfe5fa,Lwjjvq Trctk,Skyline Roofing Inc.,5615,Metal,Tucson,AZ,2022-10-10,0,,,,,,
6802d86005bee83d0ddfe5fb,Metmw Txnqw,EcoRoofs Inc.,3223,PVC,Las Vegas,NV,2022-03-28,0,,,,,,
6802d86005bee83d0ddfe5fc,Jdvqbtdb Xpkaety,Alpha Build Inc.,7289,Metal,Charlotte,NC,2024-03-31,0,,,,,,
6802d86005bee83d0ddfe5fd,Hesve Fnekoc,EcoRoofs Inc.,4237,Shingle,Chicago,IL,2023-08-25,0,,,,,,
6802d86005bee83d0ddfe5fe,Akkbmv Fmkmvra,RoofPros Inc.,9121,Foam,Naperville,IL,2022-05-03,0,,,,,,
6802d86005bee83d0ddfe5ff,Xgwcbsmd Mojapl,Skyline Roofing Inc.,5647,Metal,Austin,TX,2023-04-26,0,,,,,,
6802d86005bee83d0ddfe600,Uejsy Tnkyt,TopShield Inc.,1640,Foam,Naperville,IL,2023-04-06,0,,,,,,
6802d86005bee83d0ddfe601,Mfeqhlj Nbshwcz,RoofPros Inc.,1576,Shingle,Raleigh,NC,2023-11-12,0,,,,,,
6802d86005bee83d0ddfe602,Xqfqcz Qiddrtx,RoofPros Inc.,8624,EPDM,Raleigh,NC,2022-03-23,0,,,,,,
6802d86005bee83d0ddfe603,Jzsaglr Aobvsm,Alpha Build Inc.,6227,Metal,Durham,NC,2024-01-14,0,,,,,,
6802d86005bee83d0ddfe604,Tjqnd Spnydqd,RoofPros Inc.,2721,EPDM,Los Angeles,CA,2023-12-11,0,,,,,,
6802d86005bee83d0ddfe605,Dtbbttz Ecenk,RoofPros Inc.,1842,Foam,Boulder,CO,2022-06-21,0,,,,,,
6802d86005bee83d0ddfe606,Recgthf Spjqii,Alpha Build Inc.,3186,Foam,Colorado Springs,CO,2022-09-17,0,,,,,,
6802d86005bee83d0ddfe607,Gagdcwq Xtjyqcn,Skyline Roofing Inc.,2855,EPDM,Reno,NV,2022-03-25,0,,,,,,
6802d86005bee83d0ddfe608,Nkjtd Iqlkotih,Skyline Roofing Inc.,6744,PVC,San Francisco,CA,2022-03-24,0,,,,,,
6802d86005bee83d0ddfe609,Vywudgrp Zcselx,Alpha Build Inc.,8387,Foam,Charlotte,NC,2023-12-18,0,,,,,,
6802d86005bee83d0ddfe60a,Dcryqigs Lnydl,EcoRoofs Inc.,8477,Metal,Durham,NC,2022-10-28,0,,,,,,
6802d86005bee83d0ddfe60b,Pblevl Ezwussy,Skyline Roofing Inc.,8696,Shingle,Austin,TX,2022-03-05,0,,,,,,
6802d86005bee83d0ddfe60c,Lxjtt Ljgdlz,EcoRoofs Inc.,7345,Metal,Colorado Springs,CO,2023-05-31,0,,,,,,
6802d86005bee83d0ddfe60d,Zegrwg Qwvvcicv,Alpha Build Inc.,3752,TPO,Denver,CO,2022-07-28,0,,,,,,
6802d86005bee83d0ddfe60e,Ruxny Gcpha,RoofPros Inc.,4876,Shingle,Chicago,IL,2023-08-05,0,,,,,,
6802d86005bee83d0ddfe60f,Jvqayjfm Ghmeti,EcoRoofs Inc.,7503,Metal,Seattle,WA,2023-12-28,0,,,,,,
6802d86005bee83d0ddfe610,Xtytl Twzskj,RoofPros Inc.,4234,PVC,Orlando,FL,2022-08-03,0,,,,,,
6802d86005bee83d0ddfe611,Jyysqu Fqcni,Alpha Build Inc.,9058,EPDM,Las Vegas,NV,2022-10-09,0,,,,,,
6802d86005bee83d0ddfe612,Toffoane Ulddeemc,TopShield Inc.,6469,Foam,Buffalo,NY,2023-03-08,0,,,,,,
6802d86005bee83d0ddfe613,Evbed Vvloy,EcoRoofs Inc.,5756,PVC,Dallas,TX,2023-03-02,0,,,,,,
6802d86005bee83d0ddfe614,Oiwlxe Uldyr,EcoRoofs Inc.,8800,Foam,Dallas,TX,2023-11-13,0,,,,,,
6802d86005bee83d0ddfe615,Tynqgya Jxmszme,TopShield Inc.,3207,TPO,Reno,NV,2023-09-14,0,,,,,,
6802d86005bee83d0ddfe616,Cuwsl Xdtdt,RoofPros Inc.,2447,Shingle,Mesa,AZ,2023-08-08,0,,,,,,
6802d86005bee83d0ddfe617,Mmmhq Yxfwlmqy,RoofPros Inc.,9293,Shingle,Las Vegas,NV,2023-08-31,0,,,,,,
6802d86005bee83d0ddfe618,Dkmio Dyyfmdub,RoofPros Inc.,9676,Metal,Mesa,AZ,2023-12-23,0,,,,,,
6802d86005bee83d0ddfe619,Azmjdgba Dylkilrk,Alpha Build Inc.,8787,Foam,Tampa,FL,2023-07-25,0,,,,,,
6802d86005bee83d0ddfe61a,Plxlk Mzfik,TopShield Inc.,3673,EPDM,Durham,NC,2022-10-23,0,,,,,,
6802d86005bee83d0ddfe61b,Axumgpw Wrgijgos,Alpha Build Inc.,7076,TPO,New York,NY,2022-02-25,0,,,,,,
6802d86005bee83d0ddfe61c,Pnlyotc Xytwj,Skyline Roofing Inc.,8617,TPO,Raleigh,NC,2022-02-14,0,,,,,,
6802d86005bee83d0ddfe61d,Hlhpccv Wrzyhudt,Skyline Roofing Inc.,8745,EPDM,Miami,FL,2022-03-29,0,,,,,,
6802d86005bee83d0ddfe61e,Fkivuu Jcyagk,Alpha Build Inc.,6485,Metal,Naperville,IL,2022-12-23,0,,,,,,
6802d86005bee83d0ddfe61f,Vkzxs Erwcfaap,Skyline Roofing Inc.,6026,PVC,San Diego,CA,2023-01-28,0,,,,,,
6802d86005bee83d0ddfe620,Jtklgwke Bruivpqm,Alpha Build Inc.,9281,EPDM,San Diego,CA,2023-02-22,0,,,,,,
6802d86005bee83d0ddfe621,Okrwsub Bhwxx,Alpha Build Inc.,3372,EPDM,Houston,TX,2022-10-17,0,,,,,,
6802d86005bee83d0ddfe622,Ogwnaay Rxtloljy,RoofPros Inc.,8841,TPO,Miami,FL,2022-07-06,0,,,,,,
6802d86005bee83d0ddfe623,Wjieybz Yovqkjpj,EcoRoofs Inc.,2457,Foam,Buffalo,NY,2023-04-17,0,,,,,,
6802d86005bee83d0ddfe624,Yzrgo Uzyrmbxx,TopShield Inc.,4689,EPDM,Durham,NC,2022-03-30,0,,,,,,
6802d86005bee83d0ddfe625,Olnfadp Xdamj,Skyline Roofing Inc.,8897,EPDM,Phoenix,AZ,2023-03-03,0,,,,,,
6802d86005bee83d0ddfe626,Lsymtec Fkifs,Alpha Build Inc.,9099,TPO,Mesa,AZ,2022-12-22,0,,,,,,
6802d86005bee83d0ddfe627,Rwrbhm Nazltltp,TopShield Inc.,5776,Foam,Durham,NC,2024-02-02,0,,,,,,
6802d86005bee83d0ddfe628,Ffufjx Kcoraere,EcoRoofs Inc.,9927,Shingle,Spokane,WA,2023-02-09,0,,,,,,
6802d86005bee83d0ddfe629,Zbfbzmje Lrecq,EcoRoofs Inc.,8093,TPO,Boulder,CO,2024-01-20,0,,,,,,
6802d86005bee83d0ddfe62a,Mqwelcii Hvilfc,RoofPros Inc.,1148,PVC,San Diego,CA,2022-04-10,0,,,,,,
6802d86005bee83d0ddfe62b,Afpkhyz Xjikxdx,TopShield Inc.,2005,PVC,Dallas,TX,2023-06-04,0,,,,,,
6802d86005bee83d0ddfe62c,Ssomf Bpwsre,Skyline Roofing Inc.,9934,Shingle,Tacoma,WA,2022-10-10,0,,,,,,
6802d86005bee83d0ddfe62d,Yaczt Aplpju,Skyline Roofing Inc.,5964,Shingle,Tucson,AZ,2022-11-15,0,,,,,,
6802d86005bee83d0ddfe62e,Qpwsvvd Uxqqoner,EcoRoofs Inc.,7394,Shingle,New York,NY,2022-10-15,0,,,,,,
6802d86005bee83d0ddfe62f,Kczyfvwx Tacruqqo,Skyline Roofing Inc.,6946,EPDM,Chicago,IL,2022-06-19,0,,,,,,
6802d86005bee83d0ddfe630,Kurwy Huqcnoxy,Skyline Roofing Inc.,9476,Foam,Miami,FL,2022-03-28,0,,,,,,
6802d86005bee83d0ddfe631,Btxstfd Mukymy,Skyline Roofing Inc.,1658,TPO,Seattle,WA,2022-08-15,0,,,,,,
6802d86005bee83d0ddfe632,Rfgwxqgy Efdiu,Alpha Build Inc.,5904,Foam,Durham,NC,2022-05-04,0,,,,,,
6802d86005bee83d0ddfe633,Sbqrcj Qtdtxmt,Alpha Build Inc.,3511,Shingle,Chicago,IL,2022-06-23,0,,,,,,
6802d86005bee83d0ddfe634,Ubyuuxbr Qylbr,EcoRoofs Inc.,2237,Shingle,Henderson,NV,2022-01-16,0,,,,,,
6802d86005bee83d0ddfe635,Nlcqu Omnpz,Skyline Roofing Inc.,3699,Foam,Tacoma,WA,2022-07-03,0,,,,,,
6802d86005bee83d0ddfe636,Rxmcoj Qywnzn,TopShield Inc.,6188,PVC,Reno,NV,2022-12-14,0,,,,,,
6802d86005bee83d0ddfe637,Dawoy Varqj,EcoRoofs Inc.,7182,Metal,Naperville,IL,2023-11-17,0,,,,,,
6802d86005bee83d0ddfe638,Ptuxicz Gfyqxbi,TopShield Inc.,6489,Shingle,Miami,FL,2023-02-26,0,,,,,,
6802d86005bee83d0ddfe639,Muefnf Ffuga,TopShield Inc.,7963,Foam,Miami,FL,2022-04-29,0,,,,,,
6802d86005bee83d0ddfe63a,Jrqtq Fhndg,Alpha Build Inc.,3409,TPO,Tampa,FL,2022-12-17,0,,,,,,
6802d86005bee83d0ddfe63b,Zmamrxw Lfvmxma,Skyline Roofing Inc.,3218,Metal,Colorado Springs,CO,2023-04-01,0,,,,,,
6802d86005bee83d0ddfe63c,Caemw Prahty,Skyline Roofing Inc.,5662,TPO,Henderson,NV,2023-04-10,0,,,,,,
6802d86005bee83d0ddfe63d,Bhshe Nanoximv,EcoRoofs Inc.,2687,Foam,Rochester,NY,2022-03-11,0,,,,,,
6802d86005bee83d0ddfe63e,Xczbavm Eepkzqn,TopShield Inc.,1354,Metal,Seattle,WA,2023-01-24,0,,,,,,
6802d86005bee83d0ddfe63f,Ggsldm Yiacuwj,Skyline Roofing Inc.,4928,TPO,Charlotte,NC,2023-09-19,0,,,,,,
6802d86005bee83d0ddfe640,Fkxitrhw Axzordd,TopShield Inc.,2151,Foam,Los Angeles,CA,2022-10-08,0,,,,,,
6802d86005bee83d0ddfe641,Rmcnn Jvnhucfo,EcoRoofs Inc.,8502,TPO,Boulder,CO,2023-03-23,0,,,,,,
6802d86005bee83d0ddfe642,Ruenbh Prbssroy,Alpha Build Inc.,2822,EPDM,Las Vegas,NV,2024-02-15,0,,,,,,
6802d86005bee83d0ddfe643,Ymbfx Ztyzm,EcoRoofs Inc.,5853,Foam,Charlotte,NC,2024-02-10,0,,,,,,
6802d86005bee83d0ddfe644,Hxgju Izlycv,EcoRoofs Inc.,7149,EPDM,Dallas,TX,2023-05-09,0,,,,,,
6802d86005bee83d0ddfe645,Yrpnyj Sratftw,EcoRoofs Inc.,2118,PVC,San Diego,CA,2023-03-15,0,,,,,,
6802d86005bee83d0ddfe646,Iohmgoq Qlyxe,Skyline Roofing Inc.,7152,Foam,Charlotte,NC,2022-01-26,0,,,,,,
6802d86005bee83d0ddfe647,Uiqms Nglqvlq,EcoRoofs Inc.,1851,Shingle,Springfield,IL,2022-04-15,0,,,,,,
6802d86005bee83d0ddfe648,Ruxqxb Ueulka,EcoRoofs Inc.,3776,EPDM,Seattle,WA,2023-08-29,0,,,,,,
6802d86005bee83d0ddfe649,Ffjwnhg Ptqof,TopShield Inc.,9826,Shingle,Raleigh,NC,2023-09-02,0,,,,,,
6802d86005bee83d0ddfe64a,Mtmwmxj Yddzje,Skyline Roofing Inc.,5357,PVC,Raleigh,NC,2023-09-26,0,,,,,,
6802d86005bee83d0ddfe64b,Hqvppsf Aksgx,RoofPros Inc.,7551,Metal,Boulder,CO,2024-01-27,0,,,,,,
6802d86005bee83d0ddfe64c,Uxvuxkx Uuddts,RoofPros Inc.,7586,TPO,Miami,FL,2023-05-05,0,,,,,,
6802d86005bee83d0ddfe64d,Jydnmbz Isiudj,EcoRoofs Inc.,9259,Shingle,Durham,NC,2022-04-14,0,,,,,,
6802d86005bee83d0ddfe64e,Znpft Naaoif,TopShield Inc.,2651,TPO,Buffalo,NY,2022-12-04,0,,,,,,
6802d86005bee83d0ddfe64f,Wpfcf Msrrhh,Alpha Build Inc.,3854,PVC,Buffalo,NY,2022-03-21,0,,,,,,
6802d86005bee83d0ddfe650,Nkkwu Nvfqffdt,Alpha Build Inc.,7192,Metal,Durham,NC,2023-06-13,0,,,,,,
6802d86005bee83d0ddfe651,Czhpmsf Bvkhq,EcoRoofs Inc.,3953,Foam,Chicago,IL,2023-07-16,0,,,,,,
6802d86005bee83d0ddfe652,Ipmhtb Alghrk,Alpha Build Inc.,8051,Shingle,Dallas,TX,2022-01-21,0,,,,,,
6802d86005bee83d0ddfe653,Evzibm Kbrlqwu,TopShield Inc.,1745,Foam,Rochester,NY,2022-05-04,0,,,,,,
6802d86005bee83d0ddfe654,Zhwzntbu Pmgrs,TopShield Inc.,1038,Foam,Raleigh,NC,2023-12-13,0,,,,,,
6802d86005bee83d0ddfe655,Trhiyo Btshwf,Skyline Roofing Inc.,9459,Shingle,San Diego,CA,2022-03-30,0,,,,,,
6802d86005bee83d0ddfe656,Umyok Knoikl,RoofPros Inc.,9411,TPO,Seattle,WA,2022-10-19,0,,,,,,
6802d86005bee83d0ddfe657,Uaost Bkhpvrrf,TopShield Inc.,8008,TPO,Colorado Springs,CO,2023-12-19,0,,,,,,
6802d86005bee83d0ddfe658,Hjhuf Pzvcm,RoofPros Inc.,1153,PVC,Miami,FL,2023-08-02,0,,,,,,
6802d86005bee83d0ddfe659,Wtxdk Xenna,Skyline Roofing Inc.,3298,PVC,Mesa,AZ,2023-12-20,0,,,,,,
6802d86005bee83d0ddfe65a,Rlwfavqn Ydtdj,Alpha Build Inc.,1785,Shingle,New York,NY,2023-04-05,0,,,,,,
6802d86005bee83d0ddfe65b,Nzayi Hibehoiy,TopShield Inc.,9246,TPO,San Francisco,CA,2023-10-06,0,,,,,,
6802d86005bee83d0ddfe65c,Crnvo Qwitah,Alpha Build Inc.,6211,Metal,Colorado Springs,CO,2022-01-27,0,,,,,,
6802d86005bee83d0ddfe65d,Llrnxuk Dxtyx,Skyline Roofing Inc.,5026,Shingle,Seattle,WA,2023-10-15,0,,,,,,
6802d86005bee83d0ddfe65e,Fqunxxmq Foryeni,Alpha Build Inc.,5241,Foam,Phoenix,AZ,2023-03-25,0,,,,,,
6802d86005bee83d0ddfe65f,Jingzqi Lhdhz,Alpha Build Inc.,9524,PVC,Durham,NC,2022-01-16,0,,,,,,
6802d86005bee83d0ddfe660,Lhlikwg Xvfzc,TopShield Inc.,6497,PVC,Henderson,NV,2023-11-06,0,,,,,,
6802d86005bee83d0ddfe661,Rhcguok Adhgkr,Skyline Roofing Inc.,2329,Shingle,Rochester,NY,2024-02-23,0,,,,,,
6802d86005bee83d0ddfe662,Jzxzqe Gcwwzww,TopShield Inc.,3193,Shingle,Reno,NV,2022-12-08,0,,,,,,
6802d86005bee83d0ddfe663,Zfoisui Dmlnu,TopShield Inc.,1525,Shingle,Chicago,IL,2023-03-30,0,,,,,,
6802d86005bee83d0ddfe664,Xvthpjxj Lxirwmle,TopShield Inc.,4009,EPDM,Raleigh,NC,2023-11-16,0,,,,,,
6802d86005bee83d0ddfe665,Zlakiwyg Lopean,RoofPros Inc.,1673,Metal,Rochester,NY,2022-06-03,0,,,,,,
6802d86005bee83d0ddfe666,Xygrsj Zmzxba,RoofPros Inc.,1387,EPDM,Reno,NV,2022-06-27,0,,,,,,
6802d86005bee83d0ddfe667,Vuovqjv Dydhsjca,Skyline Roofing Inc.,6585,EPDM,Tacoma,WA,2022-04-13,0,,,,,,
6802d86005bee83d0ddfe668,Tozoaxfx Ewbimmbb,Skyline Roofing Inc.,9200,Metal,Tampa,FL,2024-01-14,0,,,,,,
6802d86005bee83d0ddfe669,Mjxqg Ptmik,RoofPros Inc.,8786,Metal,Spokane,WA,2022-12-15,0,,,,,,
6802d86005bee83d0ddfe66a,Dtilcykq Cxlzk,Alpha Build Inc.,4168,PVC,Phoenix,AZ,2022-04-10,0,,,,,,
6802d86005bee83d0ddfe66b,Btyskf Bqkcvr,Alpha Build Inc.,4816,PVC,Spokane,WA,2024-03-25,0,,,,,,
6802d86005bee83d0ddfe66c,Wraih Ygngxhco,EcoRoofs Inc.,9232,Foam,Las Vegas,NV,2022-09-04,0,,,,,,
6802d86005bee83d0ddfe66d,Ocvxghla Fmclqv,TopShield Inc.,6042,Shingle,Phoenix,AZ,2023-01-27,0,,,,,,
6802d86005bee83d0ddfe66e,Podzjt Raiuwwo,EcoRoofs Inc.,5792,EPDM,Durham,NC,2022-09-02,0,,,,,,
6802d86005bee83d0ddfe66f,Mrnpm Zgscg,EcoRoofs Inc.,5589,TPO,Henderson,NV,2023-02-26,0,,,,,,
6802d86005bee83d0ddfe670,Iukvq Xdzafef,Skyline Roofing Inc.,9130,Shingle,Rochester,NY,2022-03-21,0,,,,,,
6802d86005bee83d0ddfe671,Zkaopqf Lgwcjdc,RoofPros Inc.,2197,PVC,Phoenix,AZ,2022-10-23,0,,,,,,
6802d86005bee83d0ddfe672,Apies Xibirign,Alpha Build Inc.,7864,EPDM,Durham,NC,2022-05-21,0,,,,,,
6802d86005bee83d0ddfe673,Rpkek Klswkso,Alpha Build Inc.,5557,Foam,Colorado Springs,CO,2022-09-08,0,,,,,,
6802d86005bee83d0ddfe674,Tqybfbz Xjkhv,Skyline Roofing Inc.,5294,TPO,Spokane,WA,2022-09-17,0,,,,,,
6802d86005bee83d0ddfe675,Rnbcepj Nzxynh,Alpha Build Inc.,6831,Metal,Tacoma,WA,2023-01-12,0,,,,,,
6802d86005bee83d0ddfe676,Voixcw Srzsg,EcoRoofs Inc.,1645,PVC,New York,NY,2023-06-19,0,,,,,,
6802d86005bee83d0ddfe677,Fcnwv Yfpcr,Alpha Build Inc.,6979,EPDM,San Diego,CA,2023-02-11,0,,,,,,
6802d86005bee83d0ddfe678,Hphuwp Pfseex,RoofPros Inc.,4360,Shingle,Charlotte,NC,2023-06-06,0,,,,,,
6802d86005bee83d0ddfe679,Welta Yumfsda,Skyline Roofing Inc.,4682,Shingle,Austin,TX,2022-05-09,0,,,,,,
6802d86005bee83d0ddfe67a,Hlsfydjl Qrfmgmt,EcoRoofs Inc.,4913,PVC,Austin,TX,2024-02-19,0,,,,,,
6802d86005bee83d0ddfe67b,Zxygdx Mshjki,RoofPros Inc.,2698,Shingle,Orlando,FL,2022-12-06,0,,,,,,
6802d86005bee83d0ddfe67c,Eqsrzc Kqzdm,Skyline Roofing Inc.,9478,PVC,Durham,NC,2022-03-02,0,,,,,,
6802d86005bee83d0ddfe67d,Tuzavtbb Byvdgqgz,Skyline Roofing Inc.,8448,Metal,Dallas,TX,2022-03-14,0,,,,,,
6802d86005bee83d0ddfe67e,Ygbrco Xezhxdka,EcoRoofs Inc.,7751,Shingle,Mesa,AZ,2024-02-08,0,,,,,,
6802d86005bee83d0ddfe67f,Nduehgf Ngdyxfa,Alpha Build Inc.,2028,Foam,Spokane,WA,2023-07-29,0,,,,,,
6802d86005bee83d0ddfe680,Jwqyh Euiuik,RoofPros Inc.,6716,TPO,Los Angeles,CA,2023-05-15,0,,,,,,
6802d86005bee83d0ddfe681,Xrylsa Qmakb,EcoRoofs Inc.,6653,Metal,Miami,FL,2023-06-29,0,,,,,,
6802d86005bee83d0ddfe682,Ycshp Zvuuzbqk,Alpha Build Inc.,6314,TPO,Spokane,WA,2022-02-01,0,,,,,,
6802d86005bee83d0ddfe683,Nffhyyl Mjmnd,RoofPros Inc.,6628,EPDM,San Diego,CA,2024-01-23,0,,,,,,
6802d86005bee83d0ddfe684,Qajcw Hefunam,Skyline Roofing Inc.,2483,Metal,Mesa,AZ,2023-11-09,0,,,,,,
6802d86005bee83d0ddfe685,Xitlac Zvhwjrd,TopShield Inc.,3488,Shingle,Orlando,FL,2022-06-15,0,,,,,,
6802d86005bee83d0ddfe686,Sfuwtuz Rdnpr,TopShield Inc.,8082,TPO,Boulder,CO,2022-01-24,0,,,,,,
6802d86005bee83d0ddfe687,Lpalvm Fafdtqjf,EcoRoofs Inc.,8335,PVC,Chicago,IL,2022-07-19,0,,,,,,
6802d86005bee83d0ddfe688,Qyluo Nhixy,TopShield Inc.,4074,Foam,Miami,FL,2023-11-13,0,,,,,,
6802d86005bee83d0ddfe689,Bdxowf Eyaxba,Skyline Roofing Inc.,8801,Foam,Dallas,TX,2023-03-11,0,,,,,,
6802d86005bee83d0ddfe68a,Wpayd Aeqneel,EcoRoofs Inc.,4420,PVC,Spokane,WA,2023-09-23,0,,,,,,
6802d86005bee83d0ddfe68b,Dopgahvk Aubhgms,TopShield Inc.,7571,Metal,Charlotte,NC,2022-07-27,0,,,,,,
6802d86005bee83d0ddfe68c,Eunekvad Iglrteq,TopShield Inc.,4393,Shingle,Denver,CO,2023-01-01,0,,,,,,
6802d86005bee83d0ddfe68d,Jmvmjcqg Eysgq,Alpha Build Inc.,2855,TPO,Denver,CO,2022-10-22,0,,,,,,
6802d86005bee83d0ddfe68e,Mvlot Wiedecgw,RoofPros Inc.,3870,Shingle,Austin,TX,2024-03-12,0,,,,,,
6802d86005bee83d0ddfe68f,Kvadn Cidwfcpd,Alpha Build Inc.,6807,Metal,Las Vegas,NV,2022-03-01,0,,,,,,
6802d86005bee83d0ddfe690,Xfwesw Uzaqu,TopShield Inc.,5435,EPDM,Boulder,CO,2023-10-18,0,,,,,,
6802d86005bee83d0ddfe691,Aseift Hzfge,Alpha Build Inc.,3227,Metal,Henderson,NV,2022-08-12,0,,,,,,
6802d86005bee83d0ddfe692,Jcbsmktn Ordhl,TopShield Inc.,9223,Foam,Tacoma,WA,2023-01-07,0,,,,,,
6802d86005bee83d0ddfe693,Dwgqoa Mxtmpysa,RoofPros Inc.,9874,PVC,Dallas,TX,2022-03-11,0,,,,,,
6802d86005bee83d0ddfe694,Jutvho Krimckxi,EcoRoofs Inc.,2780,EPDM,Naperville,IL,2022-02-25,0,,,,,,
6802d86005bee83d0ddfe695,Xbkkls Wocpkovh,EcoRoofs Inc.,7315,PVC,Colorado Springs,CO,2022-09-03,0,,,,,,
6802d86005bee83d0ddfe696,Tgipora Rimydsv,RoofPros Inc.,4752,PVC,Charlotte,NC,2024-02-12,0,,,,,,
6802d86005bee83d0ddfe697,Fefyy Yyclhk,TopShield Inc.,5449,TPO,Dallas,TX,2023-01-15,0,,,,,,
6802d86005bee83d0ddfe698,Kyzad Uaitkf,RoofPros Inc.,8435,Metal,Reno,NV,2023-05-10,0,,,,,,
6802d86005bee83d0ddfe699,Qfbimif Xvzjio,RoofPros Inc.,5145,Shingle,Austin,TX,2022-05-09,0,,,,,,
6802d86005bee83d0ddfe69a,Ruavhz Lgppttvn,RoofPros Inc.,2591,EPDM,Raleigh,NC,2024-03-13,0,,,,,,
6802d86005bee83d0ddfe69b,Genmu Nrccgpu,TopShield Inc.,4627,Shingle,Phoenix,AZ,2024-02-25,0,,,,,,
6802d86005bee83d0ddfe69c,Ztqbtapz Krzajye,TopShield Inc.,7648,Foam,Tampa,FL,2023-04-11,0,,,,,,
6802d86005bee83d0ddfe69d,Pwvkmc Cnjcq,EcoRoofs Inc.,9161,Metal,Tacoma,WA,2022-11-18,0,,,,,,
6802d86005bee83d0ddfe69e,Bkxip Aapckgtm,TopShield Inc.,8610,Metal,Durham,NC,2022-07-09,0,,,,,,
6802d86005bee83d0ddfe69f,Utcii Igxzq,Skyline Roofing Inc.,9507,Foam,Chicago,IL,2024-03-15,0,,,,,,
6802d86005bee83d0ddfe6a0,Qryiw Hipqpmt,Alpha Build Inc.,7401,EPDM,Boulder,CO,2023-12-21,0,,,,,,
6802d86005bee83d0ddfe6a1,Cxuglhmw Iiowsbc,EcoRoofs Inc.,9097,Shingle,Los Angeles,CA,2022-11-01,0,,,,,,
6802d86005bee83d0ddfe6a2,Zxxttc Majjdivw,EcoRoofs Inc.,9221,Metal,Phoenix,AZ,2022-06-13,0,,,,,,
6802d86005bee83d0ddfe6a3,Vmtguc Ajllxn,RoofPros Inc.,3197,Foam,Denver,CO,2023-10-11,0,,,,,,
6802d86005bee83d0ddfe6a4,Qjbcfylf Dbmres,TopShield Inc.,9094,Metal,Los Angeles,CA,2023-02-05,0,,,,,,
6802d86005bee83d0ddfe6a5,Edxwz Ckjitnh,RoofPros Inc.,2878,Shingle,Tampa,FL,2023-05-27,0,,,,,,
6802d86005bee83d0ddfe6a6,Midolad Iofmksa,RoofPros Inc.,5515,Metal,Rochester,NY,2022-02-07,0,,,,,,
6802d86005bee83d0ddfe6a7,Rlplbs Zkwspnw,EcoRoofs Inc.,1351,Foam,Los Angeles,CA,2023-05-12,0,,,,,,
6802d86005bee83d0ddfe6a8,Bgoqb Wgyqxgrx,Alpha Build Inc.,4787,TPO,San Francisco,CA,2022-02-12,0,,,,,,
6802d86005bee83d0ddfe6a9,Rsmtudj Pnbvolar,EcoRoofs Inc.,1795,Foam,Spokane,WA,2022-05-01,0,,,,,,
6802d86005bee83d0ddfe6aa,Puqokd Elogrx,EcoRoofs Inc.,2631,EPDM,Tacoma,WA,2022-09-09,0,,,,,,
6802d86005bee83d0ddfe6ab,Flzqyh Ywddq,Skyline Roofing Inc.,3594,Metal,Tucson,AZ,2023-04-15,0,,,,,,
6802d86005bee83d0ddfe6ac,Auqkwra Psplpnfx,RoofPros Inc.,6472,PVC,Los Angeles,CA,2022-12-15,0,,,,,,
6802d86005bee83d0ddfe6ad,Goemnve Snarnqq,TopShield Inc.,1554,TPO,Buffalo,NY,2022-05-15,0,,,,,,
6802d86005bee83d0ddfe6ae,Oopiucvz Mxbpiho,RoofPros Inc.,6194,Shingle,Rochester,NY,2024-03-23,0,,,,,,
6802d86005bee83d0ddfe6af,Ljfhsisd Xihvwdlb,TopShield Inc.,2041,PVC,Springfield,IL,2023-09-30,0,,,,,,
6802d86005bee83d0ddfe6b0,Koqfpu Keflfdpb,EcoRoofs Inc.,5354,TPO,Seattle,WA,2022-02-02,0,,,,,,
6802d86005bee83d0ddfe6b1,Kfsfqup Uqkbqff,Skyline Roofing Inc.,8022,TPO,Boulder,CO,2023-06-03,0,,,,,,
6802d86005bee83d0ddfe6b2,Clbyllr Djgdqk,TopShield Inc.,3239,Metal,Durham,NC,2022-05-26,0,,,,,,
6802d86005bee83d0ddfe6b3,Izabq Gnono,Alpha Build Inc.,1106,EPDM,Tucson,AZ,2023-12-20,0,,,,,,
6802d86005bee83d0ddfe6b4,Kusfvl Ojjnc,RoofPros Inc.,9725,Shingle,Spokane,WA,2023-07-09,0,,,,,,
6802d86005bee83d0ddfe6b5,Iufsv Eiecui,TopShield Inc.,3955,Shingle,San Francisco,CA,2022-02-16,0,,,,,,
6802d86005bee83d0ddfe6b6,Qvnhyafz Iwwpd,RoofPros Inc.,3880,EPDM,Buffalo,NY,2023-11-28,0,,,,,,
6802d86005bee83d0ddfe6b7,Vkdohpm Bjidvbzv,TopShield Inc.,7432,Shingle,Buffalo,NY,2022-03-30,0,,,,,,
6802d86005bee83d0ddfe6b8,Njlqfna Tczcfku,RoofPros Inc.,5611,Metal,Houston,TX,2023-10-11,0,,,,,,
6802d86005bee83d0ddfe6b9,Yqewzea Ikqzv,EcoRoofs Inc.,2673,TPO,Tacoma,WA,2022-11-12,0,,,,,,
6802d86005bee83d0ddfe6ba,Dxsaqkhd Pbpregr,Alpha Build Inc.,8292,TPO,Naperville,IL,2022-02-22,0,,,,,,
6802d86005bee83d0ddfe6bb,Zraxldl Qkecjttz,RoofPros Inc.,1872,TPO,Seattle,WA,2022-03-13,0,,,,,,
6802d86005bee83d0ddfe6bc,Pgdgzwcv Kxgwyq,EcoRoofs Inc.,2246,Metal,Mesa,AZ,2022-08-11,0,,,,,,
6802d86005bee83d0ddfe6bd,Ahqxbv Thkkib,Skyline Roofing Inc.,5508,TPO,Miami,FL,2023-05-13,0,,,,,,
6802d86005bee83d0ddfe6be,Dcgrala Kgaflpwr,Alpha Build Inc.,3482,Shingle,Spokane,WA,2023-10-16,0,,,,,,
6802d86005bee83d0ddfe6bf,Ksxqbq Gkmugr,Alpha Build Inc.,4912,Foam,San Francisco,CA,2022-09-18,0,,,,,,
6802d86005bee83d0ddfe6c0,Tjumjor Hzxgu,Alpha Build Inc.,5059,Metal,Charlotte,NC,2022-10-01,0,,,,,,
6802d86005bee83d0ddfe6c1,Mzgfy Fdvkt,Skyline Roofing Inc.,3296,Shingle,Orlando,FL,2022-05-17,0,,,,,,
6802d86005bee83d0ddfe6c2,Jdlmiw Ebunr,EcoRoofs Inc.,5135,EPDM,Reno,NV,2023-05-30,0,,,,,,
6802d86005bee83d0ddfe6c3,Tozvyzl Qkdyz,EcoRoofs Inc.,8500,Shingle,Las Vegas,NV,2024-01-18,0,,,,,,
6802d86005bee83d0ddfe6c4,Caphumwv Cngvdrb,Alpha Build Inc.,2023,Foam,Denver,CO,2023-03-26,0,,,,,,
6802d86005bee83d0ddfe6c5,Votxw Yipgz,RoofPros Inc.,9460,TPO,Charlotte,NC,2023-03-12,0,,,,,,
6802d86005bee83d0ddfe6c6,Pcxhrxks Mtdkuyba,Alpha Build Inc.,9306,Shingle,Tucson,AZ,2023-03-04,0,,,,,,
6802d86005bee83d0ddfe6c7,Ihwhx Diqusegr,RoofPros Inc.,8993,Metal,Springfield,IL,2022-08-07,0,,,,,,
6802d86005bee83d0ddfe6c8,Buidndht Fgapi,TopShield Inc.,7338,TPO,Tampa,FL,2023-12-28,0,,,,,,
6802d86005bee83d0ddfe6c9,Fxpkgizt Rsudepqi,EcoRoofs Inc.,4208,Shingle,Raleigh,NC,2024-01-09,0,,,,,,
6802d86005bee83d0ddfe6ca,Ntbqhli Tsvlnag,RoofPros Inc.,7547,TPO,Colorado Springs,CO,2022-08-25,0,,,,,,
6802d86005bee83d0ddfe6cb,Xrbonuj Gfpuaqxm,TopShield Inc.,4946,PVC,Reno,NV,2022-11-11,0,,,,,,
6802d86005bee83d0ddfe6cc,Aaltzxt Gevpedg,Alpha Build Inc.,2181,TPO,New York,NY,2022-10-11,0,,,,,,
6802d86005bee83d0ddfe6cd,Mvcboml Mccdpnj,RoofPros Inc.,4655,PVC,Tucson,AZ,2022-11-09,0,,,,,,
6802d86005bee83d0ddfe6ce,Pvdjyym Dovisydu,RoofPros Inc.,1385,Shingle,Los Angeles,CA,2022-12-01,0,,,,,,
6802d86005bee83d0ddfe6cf,Yhpidt Fnfqrav,RoofPros Inc.,6868,Foam,Boulder,CO,2023-11-16,0,,,,,,
6802d86005bee83d0ddfe6d0,Rsgyek Qogydy,RoofPros Inc.,5575,EPDM,Buffalo,NY,2022-08-04,0,,,,,,
6802d86005bee83d0ddfe6d1,Gkhvbts Tgjnot,TopShield Inc.,3561,EPDM,Henderson,NV,2023-04-25,0,,,,,,
6802d86005bee83d0ddfe6d2,Dalabyam Jdfkng,RoofPros Inc.,7911,Metal,San Francisco,CA,2023-07-30,0,,,,,,
6802d86005bee83d0ddfe6d3,Gbitbvv Khmuz,Alpha Build Inc.,2048,Foam,Dallas,TX,2023-09-24,0,,,,,,
6802d86005bee83d0ddfe6d4,Kgnqiyk Rfrbywle,RoofPros Inc.,1148,PVC,Seattle,WA,2023-02-09,0,,,,,,
6802d86005bee83d0ddfe6d5,Azjwk Lvoxyqiw,Alpha Build Inc.,7124,Metal,Buffalo,NY,2023-10-10,0,,,,,,
6802d86005bee83d0ddfe6d6,Mdhdgm Tkqyvgou,Skyline Roofing Inc.,3154,Metal,Henderson,NV,2023-03-01,0,,,,,,
6802d86005bee83d0ddfe6d7,Ybztsan Hhfdu,Alpha Build Inc.,3252,EPDM,Los Angeles,CA,2024-03-16,0,,,,,,
6802d86005bee83d0ddfe6d8,Agxko Mrybtss,Skyline Roofing Inc.,6467,TPO,Reno,NV,2023-07-26,0,,,,,,
6802d86005bee83d0ddfe6d9,Ihnuc Zjjbv,TopShield Inc.,9446,EPDM,Austin,TX,2023-12-23,0,,,,,,
6802d86005bee83d0ddfe6da,Ijmtc Qrldn,EcoRoofs Inc.,9987,Shingle,Orlando,FL,2022-02-06,0,,,,,,
6802d86005bee83d0ddfe6db,Agrrmfbx Hcypq,Skyline Roofing Inc.,8691,EPDM,Tacoma,WA,2023-08-25,0,,,,,,
6802d86005bee83d0ddfe6dc,Oibvhj Wvmsnljh,Alpha Build Inc.,6830,Shingle,San Diego,CA,2024-01-24,0,,,,,,
6802d86005bee83d0ddfe6dd,Uhvdfr Bsecu,Skyline Roofing Inc.,5768,Metal,Henderson,NV,2023-10-04,0,,,,,,
6802d86005bee83d0ddfe6de,Souqw Imhlpgzu,TopShield Inc.,3230,Shingle,Durham,NC,2024-02-22,0,,,,,,
6802d86005bee83d0ddfe6df,Wmdbgakh Vezfjogm,EcoRoofs Inc.,5935,Foam,Tampa,FL,2022-12-26,0,,,,,,
6802d86005bee83d0ddfe6e0,Xnwprkay Tusui,Skyline Roofing Inc.,5388,TPO,Miami,FL,2023-03-29,0,,,,,,
6802d86005bee83d0ddfe6e1,Oaidt Yjgka,Skyline Roofing Inc.,5389,PVC,Tampa,FL,2024-02-07,0,,,,,,
6802d86005bee83d0ddfe6e2,Pycyex Udnzky,EcoRoofs Inc.,8256,EPDM,Springfield,IL,2022-05-07,0,,,,,,
6802d86005bee83d0ddfe6e3,Pqdbhsgd Gugjpqv,EcoRoofs Inc.,5377,Foam,Los Angeles,CA,2022-04-13,0,,,,,,
6802d86005bee83d0ddfe6e4,Yrveo Cdspjnk,TopShield Inc.,7139,EPDM,Rochester,NY,2022-02-13,0,,,,,,
6802d86005bee83d0ddfe6e5,Ofjtsou Zdoojfh,Alpha Build Inc.,1118,Metal,Boulder,CO,2023-02-08,0,,,,,,
6802d86005bee83d0ddfe6e6,Khaeymla Itzstemi,TopShield Inc.,4103,PVC,Colorado Springs,CO,2022-05-04,0,,,,,,
6802d86005bee83d0ddfe6e7,Ourleor Jntdmx,Skyline Roofing Inc.,1595,Foam,Orlando,FL,2024-02-06,0,,,,,,
6802d86005bee83d0ddfe6e8,Vecxjhia Zaushufl,Skyline Roofing Inc.,7978,TPO,Las Vegas,NV,2023-11-28,0,,,,,,
6802d86005bee83d0ddfe6e9,Mehflrl Acnfwz,TopShield Inc.,8452,EPDM,Tacoma,WA,2022-10-17,0,,,,,,
6802d86005bee83d0ddfe6ea,Ejbwtvc Cvpmrblf,RoofPros Inc.,8089,Shingle,Henderson,NV,2023-08-01,0,,,,,,
6802d86005bee83d0ddfe6eb,Daxxmty Eawgyo,TopShield Inc.,9196,Metal,Buffalo,NY,2022-04-18,0,,,,,,
6802d86005bee83d0ddfe6ec,Fvzgmr Qrizeuh,Skyline Roofing Inc.,1603,Shingle,Springfield,IL,2022-08-17,0,,,,,,
6802d86005bee83d0ddfe6ed,Comnls Ogftyfy,EcoRoofs Inc.,8586,Metal,Naperville,IL,2022-01-03,0,,,,,,
6802d86005bee83d0ddfe6ee,Cohemo Yiuflbyr,Alpha Build Inc.,7318,Metal,Chicago,IL,2022-04-06,0,,,,,,
6802d86005bee83d0ddfe6ef,Nckpkrw Mharaxe,RoofPros Inc.,4909,EPDM,Charlotte,NC,2022-06-27,0,,,,,,
6802d86005bee83d0ddfe6f0,Etxzpipz Wpipsfn,EcoRoofs Inc.,7903,EPDM,Orlando,FL,2023-03-06,0,,,,,,
6802d86005bee83d0ddfe6f1,Dfaxcho Jsxmfs,TopShield Inc.,4667,Foam,Dallas,TX,2023-02-02,0,,,,,,
6802d86005bee83d0ddfe6f2,Hrumo Xhlhpfuj,RoofPros Inc.,3398,Shingle,Buffalo,NY,2022-03-04,0,,,,,,
6802d86005bee83d0ddfe6f3,Nitivf Ftxjnjn,RoofPros Inc.,4763,PVC,San Diego,CA,2022-09-12,0,,,,,,
6802d86005bee83d0ddfe6f4,Sgbythn Ntqhwm,RoofPros Inc.,7291,Foam,Durham,NC,2022-01-21,0,,,,,,
6802d86005bee83d0ddfe6f5,Ztzfcj Mtpptiz,Skyline Roofing Inc.,2889,Metal,Denver,CO,2023-03-28,0,,,,,,
6802d86005bee83d0ddfe6f6,Dgcbkk Demznr,TopShield Inc.,5328,Shingle,Spokane,WA,2022-09-08,0,,,,,,
6802d86005bee83d0ddfe6f7,Ahqxpb Gfjktid,EcoRoofs Inc.,6528,TPO,Austin,TX,2023-07-19,0,,,,,,
6802d86005bee83d0ddfe6f8,Xnryxvtv Tkdpxx,EcoRoofs Inc.,7422,Shingle,Colorado Springs,CO,2023-12-20,0,,,,,,
6802d86005bee83d0ddfe6f9,Xtxhgnb Twpfdsm,EcoRoofs Inc.,3843,TPO,Seattle,WA,2024-02-13,0,,,,,,
6802d86005bee83d0ddfe6fa,Jcxyrsg Jmsaqd,RoofPros Inc.,6558,EPDM,Springfield,IL,2023-04-13,0,,,,,,
6802d86005bee83d0ddfe6fb,Bjatvkje Wynui,Skyline Roofing Inc.,8649,Metal,San Diego,CA,2022-01-10,0,,,,,,
6802d86005bee83d0ddfe6fc,Housirym Wjgro,Alpha Build Inc.,4824,PVC,Austin,TX,2022-07-27,0,,,,,,
6802d86005bee83d0ddfe6fd,Tgrdcqv Vejuu,RoofPros Inc.,4277,Metal,Phoenix,AZ,2022-12-08,0,,,,,,
6802d86005bee83d0ddfe6fe,Pqbztihp Mhjih,RoofPros Inc.,5025,Shingle,Miami,FL,2023-03-16,0,,,,,,
6802d86005bee83d0ddfe6ff,Bqstpq Jbmnhe,Skyline Roofing Inc.,7030,TPO,San Diego,CA,2023-02-21,0,,,,,,
6802d86005bee83d0ddfe700,Tcbwe Uqgrn,Skyline Roofing Inc.,8943,Foam,Houston,TX,2023-06-12,0,,,,,,
6802d86005bee83d0ddfe701,Jxdrhi Tiljyamu,RoofPros Inc.,4182,Metal,Durham,NC,2023-04-19,0,,,,,,
6802d86005bee83d0ddfe702,Nfvoua Xxdlfjy,EcoRoofs Inc.,7287,Shingle,Reno,NV,2022-11-18,0,,,,,,
6802d86005bee83d0ddfe703,Pcdqeb Wogup,Alpha Build Inc.,5080,PVC,Tucson,AZ,2022-10-26,0,,,,,,
6802d86005bee83d0ddfe704,Tsogq Uumjji,RoofPros Inc.,8906,EPDM,San Diego,CA,2022-06-26,0,,,,,,
6802d86005bee83d0ddfe705,Veayrl Nhifdjrm,TopShield Inc.,9680,EPDM,Naperville,IL,2022-10-24,0,,,,,,
6802d86005bee83d0ddfe706,Naxvomzf Fjhnwmky,EcoRoofs Inc.,1120,Metal,Colorado Springs,CO,2023-03-27,0,,,,,,
6802d86005bee83d0ddfe707,Zvdpl Tcvudq,EcoRoofs Inc.,5179,TPO,Spokane,WA,2023-08-08,0,,,,,,
6802d86005bee83d0ddfe708,Trkegp Gzwcgms,Alpha Build Inc.,6317,PVC,Reno,NV,2023-06-05,0,,,,,,
6802d86005bee83d0ddfe709,Zkskprp Qetukr,EcoRoofs Inc.,7199,Metal,Phoenix,AZ,2022-01-11,0,,,,,,
6802d86005bee83d0ddfe70a,Wxthtl Tpmhz,TopShield Inc.,5105,TPO,Seattle,WA,2023-06-01,0,,,,,,
6802d86005bee83d0ddfe70b,Otmcwhc Rmjbtt,TopShield Inc.,8583,Shingle,Phoenix,AZ,2022-05-26,0,,,,,,
6802d86005bee83d0ddfe70c,Mkghv Tjfujesi,Alpha Build Inc.,6646,PVC,Tacoma,WA,2024-03-22,0,,,,,,
6802d86005bee83d0ddfe70d,Jvbplz Rdjusj,RoofPros Inc.,7056,Metal,Reno,NV,2023-11-03,0,,,,,,
6802d86005bee83d0ddfe70e,Fjimsv Dnyxqvcz,EcoRoofs Inc.,9871,Shingle,Rochester,NY,2022-10-11,0,,,,,,
6802d86005bee83d0ddfe70f,Veqjs Rxyyfu,TopShield Inc.,2296,Metal,San Diego,CA,2023-06-24,0,,,,,,
6802d86005bee83d0ddfe710,Eoabv Qeqpj,RoofPros Inc.,1312,PVC,Tacoma,WA,2022-11-07,0,,,,,,
6802d86005bee83d0ddfe711,Edftdpjx Fxnpj,RoofPros Inc.,4032,EPDM,Tacoma,WA,2023-06-23,0,,,,,,
6802d86005bee83d0ddfe712,Fwqqvgft Clremiiv,RoofPros Inc.,9550,EPDM,Mesa,AZ,2023-06-25,0,,,,,,
6802d86005bee83d0ddfe713,Kspdtc Ljdrnzgn,RoofPros Inc.,1751,EPDM,Springfield,IL,2024-01-18,0,,,,,,
6802d86005bee83d0ddfe714,Gxzaw Xvqvti,Alpha Build Inc.,7839,TPO,Miami,FL,2022-04-06,0,,,,,,
6802d86005bee83d0ddfe715,Yspgueby Astwuv,TopShield Inc.,7632,TPO,Spokane,WA,2022-05-21,0,,,,,,
6802d86005bee83d0ddfe716,Mmxvuoln Lalsnlce,EcoRoofs Inc.,7531,Shingle,San Diego,CA,2023-07-28,0,,,,,,
6802d86005bee83d0ddfe717,Hxtpimbs Rzazpr,TopShield Inc.,3757,EPDM,Phoenix,AZ,2024-02-05,0,,,,,,
6802d86005bee83d0ddfe718,Jsvdidwc Mqtqzdox,Alpha Build Inc.,3478,Foam,Rochester,NY,2023-01-29,0,,,,,,
6802d86005bee83d0ddfe719,Xveevuh Bohau,Alpha Build Inc.,7142,Foam,Raleigh,NC,2022-07-07,0,,,,,,
6802d86005bee83d0ddfe71a,Jynrxtl Wxwbg,EcoRoofs Inc.,8606,Metal,Charlotte,NC,2022-11-02,0,,,,,,
6802d86005bee83d0ddfe71b,Fzqvspu Cvurobux,Skyline Roofing Inc.,1429,Metal,San Diego,CA,2023-02-27,0,,,,,,
6802d86005bee83d0ddfe71c,Ummle Outeuvzo,TopShield Inc.,9076,EPDM,Tucson,AZ,2022-02-27,0,,,,,,
6802d86005bee83d0ddfe71d,Txgtm Ncwqk,Skyline Roofing Inc.,4708,PVC,Miami,FL,2024-01-12,0,,,,,,
6802d86005bee83d0ddfe71e,Nsmjxc Qmgzt,Skyline Roofing Inc.,7528,PVC,Springfield,IL,2022-01-28,0,,,,,,
6802d86005bee83d0ddfe71f,Ezeuzm Zrkul,RoofPros Inc.,4533,EPDM,Austin,TX,2022-10-22,0,,,,,,
6802d86005bee83d0ddfe720,Fmwxubv Jilrljj,Alpha Build Inc.,5478,PVC,Naperville,IL,2022-03-24,0,,,,,,
6802d86005bee83d0ddfe721,Vwfewnla Wmbov,EcoRoofs Inc.,2490,Foam,Dallas,TX,2023-08-18,0,,,,,,
6802d86005bee83d0ddfe722,Ljjzhdf Ejximw,Alpha Build Inc.,7886,PVC,Colorado Springs,CO,2022-02-09,0,,,,,,
6802d86005bee83d0ddfe723,Nzhas Mdhaiet,Alpha Build Inc.,8424,EPDM,Orlando,FL,2022-04-13,0,,,,,,
6802d86005bee83d0ddfe724,Lfzrdzrv Vxopvxv,EcoRoofs Inc.,7991,TPO,Tampa,FL,2023-05-03,0,,,,,,
6802d86005bee83d0ddfe725,Topmxn Pepkg,TopShield Inc.,2488,TPO,Dallas,TX,2024-01-16,0,,,,,,
6802d86005bee83d0ddfe726,Vprdyy Xlhqm,Skyline Roofing Inc.,2887,Shingle,Seattle,WA,2022-10-11,0,,,,,,
6802d86005bee83d0ddfe727,Wotng Gvjexmne,TopShield Inc.,1825,Shingle,Phoenix,AZ,2022-05-31,0,,,,,,
6802d86005bee83d0ddfe728,Nceqwxrl Isdeuli,Skyline Roofing Inc.,8602,Foam,Tampa,FL,2023-04-27,0,,,,,,
6802d86005bee83d0ddfe729,Moajima Bbquzo,RoofPros Inc.,2179,Shingle,Dallas,TX,2022-04-18,0,,,,,,
6802d86005bee83d0ddfe72a,Glydq Umodixkw,RoofPros Inc.,3944,EPDM,Charlotte,NC,2023-03-04,0,,,,,,
6802d86005bee83d0ddfe72b,Mqfeuf Zcfhan,RoofPros Inc.,9464,Foam,Boulder,CO,2022-04-11,0,,,,,,
6802d86005bee83d0ddfe72c,Vxrgplc Mgxsk,TopShield Inc.,1791,Foam,Boulder,CO,2022-04-16,0,,,,,,
6802d86005bee83d0ddfe72d,Emzgykpm Mouqfucq,RoofPros Inc.,9204,TPO,Boulder,CO,2022-05-24,0,,,,,,
6802d86005bee83d0ddfe72e,Zlvajg Deiik,TopShield Inc.,6215,Metal,Colorado Springs,CO,2024-03-18,0,,,,,,
6802d86005bee83d0ddfe72f,Odsiojqy Jjrbvk,Alpha Build Inc.,6156,PVC,Tampa,FL,2022-08-08,0,,,,,,
6802d86005bee83d0ddfe730,Uqtpwb Dcdfzxqx,RoofPros Inc.,4382,Foam,Dallas,TX,2022-05-05,0,,,,,,
6802d86005bee83d0ddfe731,Lsxvmafr Tabhcld,TopShield Inc.,8563,Foam,Mesa,AZ,2023-09-21,0,,,,,,
6802d86005bee83d0ddfe732,Kzatbrdl Ohjfy,RoofPros Inc.,4111,TPO,Reno,NV,2024-03-17,0,,,,,,
6802d86005bee83d0ddfe733,Eexbarcw Ssgyv,RoofPros Inc.,6655,Metal,Tacoma,WA,2022-05-01,0,,,,,,
6802d86005bee83d0ddfe734,Xzhnvk Doumqd,TopShield Inc.,4425,Foam,Buffalo,NY,2022-12-19,0,,,,,,
6802d86005bee83d0ddfe735,Kvnajv Kkdsmux,RoofPros Inc.,9159,Metal,Tacoma,WA,2022-06-10,0,,,,,,
6802d86005bee83d0ddfe736,Xaumil Jvrjwtty,Skyline Roofing Inc.,9791,Shingle,Springfield,IL,2023-05-08,0,,,,,,
6802d86005bee83d0ddfe737,Zuxxe Edivx,Skyline Roofing Inc.,5077,EPDM,Dallas,TX,2022-02-13,0,,,,,,
6802d86005bee83d0ddfe738,Nztgkd Qpljplea,RoofPros Inc.,8856,Foam,Tacoma,WA,2022-08-10,0,,,,,,
6802d86005bee83d0ddfe739,Mkdse Oulin,EcoRoofs Inc.,8060,Foam,Reno,NV,2023-06-15,0,,,,,,
6802d86005bee83d0ddfe73a,Qgdqd Nglqy,Skyline Roofing Inc.,2965,PVC,Orlando,FL,2022-10-14,0,,,,,,
6802d86005bee83d0ddfe73b,Lodvwgu Tytajvnj,EcoRoofs Inc.,1141,Shingle,Chicago,IL,2024-02-14,0,,,,,,
6802d86005bee83d0ddfe73c,Nmluyxrw Mgpymtr,RoofPros Inc.,2625,Shingle,Denver,CO,2023-08-07,0,,,,,,
6802d86005bee83d0ddfe73d,Onixmrto Qnlsc,RoofPros Inc.,4618,Metal,Los Angeles,CA,2023-04-17,0,,,,,,
6802d86005bee83d0ddfe73e,Mpxqd Jvsivku,RoofPros Inc.,1491,Shingle,Chicago,IL,2023-09-24,0,,,,,,
6802d86005bee83d0ddfe73f,Otqmavb Xfzgebxq,Skyline Roofing Inc.,5899,Metal,San Francisco,CA,2022-09-13,0,,,,,,
6802d86005bee83d0ddfe740,Qnitgpu Xhjwd,EcoRoofs Inc.,8686,Shingle,Rochester,NY,2023-07-20,0,,,,,,
6802d86005bee83d0ddfe741,Msqor Fzckr,RoofPros Inc.,1088,Foam,Seattle,WA,2024-01-19,0,,,,,,
6802d86005bee83d0ddfe742,Ctftunh Tkqfor,Skyline Roofing Inc.,7911,Foam,Tucson,AZ,2023-08-15,0,,,,,,
6802d86005bee83d0ddfe743,Xcvgnrw Yjocx,TopShield Inc.,6306,PVC,Seattle,WA,2022-04-01,0,,,,,,
6802d86005bee83d0ddfe744,Icdmtuo Nxtlsqs,Alpha Build Inc.,5493,Metal,Houston,TX,2022-10-31,0,,,,,,
6802d86005bee83d0ddfe745,Hbqtl Lfwxr,TopShield Inc.,8617,Metal,Denver,CO,2022-06-28,0,,,,,,
6802d86005bee83d0ddfe746,Clrmh Jiatlyx,Skyline Roofing Inc.,6407,Metal,Tampa,FL,2023-04-22,0,,,,,,
6802d86005bee83d0ddfe747,Yehasmwe Fgtmjlk,Skyline Roofing Inc.,2703,PVC,New York,NY,2022-07-10,0,,,,,,
6802d86005bee83d0ddfe748,Gmjgwyn Tvklnaz,Alpha Build Inc.,9497,TPO,San Francisco,CA,2022-01-29,0,,,,,,
6802d86005bee83d0ddfe749,Ywdmvonq Qbwup,EcoRoofs Inc.,8702,TPO,Buffalo,NY,2023-05-22,0,,,,,,
6802d86005bee83d0ddfe74a,Eqjgoch Krnyzb,EcoRoofs Inc.,7667,Shingle,New York,NY,2023-03-22,0,,,,,,
6802d86005bee83d0ddfe74b,Mlzci Qukukrl,EcoRoofs Inc.,5353,PVC,Chicago,IL,2022-10-04,0,,,,,,
6802d86005bee83d0ddfe74c,Yelbwtyr Xomugwp,Skyline Roofing Inc.,4117,PVC,Spokane,WA,2022-08-02,0,,,,,,
6802d86005bee83d0ddfe74d,Hvwrn Nelksvq,Alpha Build Inc.,1956,PVC,Naperville,IL,2022-05-15,0,,,,,,
6802d86005bee83d0ddfe74e,Cmbsq Gggczsw,EcoRoofs Inc.,6426,PVC,Seattle,WA,2024-03-10,0,,,,,,
6802d86005bee83d0ddfe74f,Tpiyym Cfcsp,EcoRoofs Inc.,3408,Foam,Seattle,WA,2022-06-22,0,,,,,,
6802d86005bee83d0ddfe750,Uyonmvj Hobooxhq,EcoRoofs Inc.,5905,Shingle,Dallas,TX,2022-02-27,0,,,,,,
6802d86005bee83d0ddfe751,Nyrvy Lzbiha,Skyline Roofing Inc.,7584,PVC,Durham,NC,2023-06-02,0,,,,,,
6802d86005bee83d0ddfe752,Hauxgrt Eybyq,RoofPros Inc.,1840,Metal,San Francisco,CA,2022-08-08,0,,,,,,
6802d86005bee83d0ddfe753,Jinyxz Facjf,Skyline Roofing Inc.,6987,EPDM,San Francisco,CA,2024-02-27,0,,,,,,
6802d86005bee83d0ddfe754,Ohohyr Jnvpw,TopShield Inc.,8190,Foam,Dallas,TX,2024-01-11,0,,,,,,
6802d86005bee83d0ddfe755,Errheprn Oriewrgt,Alpha Build Inc.,5062,Shingle,Dallas,TX,2022-10-17,0,,,,,,
6802d86005bee83d0ddfe756,Qownkv Zpdlcvh,Skyline Roofing Inc.,2450,TPO,Buffalo,NY,2023-08-19,0,,,,,,
6802d86005bee83d0ddfe757,Vuzen Ylfiwux,Skyline Roofing Inc.,5545,TPO,Los Angeles,CA,2023-03-01,0,,,,,,
6802d86005bee83d0ddfe758,Kmqygf Cyhnzowh,Alpha Build Inc.,6936,Shingle,New York,NY,2022-02-26,0,,,,,,
6802d86005bee83d0ddfe759,Giglo Vxwliauu,Skyline Roofing Inc.,3202,Foam,Durham,NC,2023-02-06,0,,,,,,
6802d86005bee83d0ddfe75a,Xgodf Dkhgt,Skyline Roofing Inc.,5691,Shingle,Dallas,TX,2022-04-13,0,,,,,,
6802d86005bee83d0ddfe75b,Bygzu Abcyoy,Skyline Roofing Inc.,4695,Metal,Spokane,WA,2022-06-22,0,,,,,,
6802d86005bee83d0ddfe75c,Xbwaima Zjqnvhu,Alpha Build Inc.,5912,Metal,Spokane,WA,2023-08-15,0,,,,,,
6802d86005bee83d0ddfe75d,Paqejgsg Ltkrt,TopShield Inc.,7144,EPDM,Las Vegas,NV,2024-03-03,0,,,,,,
6802d86005bee83d0ddfe75e,Fwqxvnpr Ebxwwem,TopShield Inc.,7932,Foam,Chicago,IL,2022-09-22,0,,,,,,
6802d86005bee83d0ddfe75f,Rxiurdu Ycsgw,RoofPros Inc.,4906,Foam,Boulder,CO,2023-08-30,0,,,,,,
6802d86005bee83d0ddfe760,Ztfpwecr Ojfvn,Alpha Build Inc.,2518,PVC,Tacoma,WA,2022-09-05,0,,,,,,
6802d86005bee83d0ddfe761,Grugtxv Xjjsha,EcoRoofs Inc.,4749,EPDM,Chicago,IL,2024-03-06,0,,,,,,
6802d86005bee83d0ddfe762,Jkdjqacp Qiuwl,EcoRoofs Inc.,5449,Shingle,Phoenix,AZ,2022-08-05,0,,,,,,
6802d86005bee83d0ddfe763,Gyzbbn Xvqhcn,RoofPros Inc.,2709,Metal,Buffalo,NY,2022-11-28,0,,,,,,
6802d86005bee83d0ddfe764,Tpvhn Mmmpus,TopShield Inc.,7515,PVC,San Francisco,CA,2023-08-16,0,,,,,,
6802d86005bee83d0ddfe765,Bkosngt Meuevdtz,TopShield Inc.,3247,TPO,Tampa,FL,2022-04-09,0,,,,,,
6802d86005bee83d0ddfe766,Ckyaxw Qxqept,RoofPros Inc.,8477,EPDM,Reno,NV,2023-08-12,0,,,,,,
6802d86005bee83d0ddfe767,Dvunm Jlcbrad,Alpha Build Inc.,5632,EPDM,Spokane,WA,2023-11-14,0,,,,,,
6802d86005bee83d0ddfe768,Rsqdvg Tagiuhyi,TopShield Inc.,6059,Metal,Rochester,NY,2022-06-17,0,,,,,,
6802d86005bee83d0ddfe769,Nynuh Dgxnmzs,Skyline Roofing Inc.,6321,EPDM,Phoenix,AZ,2024-02-29,0,,,,,,
6802d86005bee83d0ddfe76a,Jhdmzhg Zscyns,Skyline Roofing Inc.,4139,EPDM,Springfield,IL,2022-07-24,0,,,,,,
6802d86005bee83d0ddfe76b,Txehw Znzcderm,Alpha Build Inc.,6075,PVC,Colorado Springs,CO,2023-12-09,0,,,,,,
6802d86005bee83d0ddfe76c,Cpjlr Pvome,EcoRoofs Inc.,6363,Foam,Orlando,FL,2024-02-19,0,,,,,,
6802d86005bee83d0ddfe76d,Hydenvw Otaakls,Skyline Roofing Inc.,4136,PVC,Las Vegas,NV,2023-12-29,0,,,,,,
6802d86005bee83d0ddfe76e,Qhdspwwg Nkbkwsu,EcoRoofs Inc.,7534,Metal,Reno,NV,2022-07-09,0,,,,,,
6802d86005bee83d0ddfe76f,Gnacrukp Tlnshhqj,EcoRoofs Inc.,3162,PVC,Phoenix,AZ,2023-06-30,0,,,,,,
6802d86005bee83d0ddfe770,Yemvkvj Bklxkg,Skyline Roofing Inc.,5315,EPDM,Naperville,IL,2024-02-02,0,,,,,,
6802d86005bee83d0ddfe771,Tccomfh Fcvrgo,EcoRoofs Inc.,4091,Shingle,Dallas,TX,2023-02-02,0,,,,,,
6802d86005bee83d0ddfe772,Qogmjj Bslpdns,TopShield Inc.,4805,TPO,Rochester,NY,2023-12-06,0,,,,,,
6802d86005bee83d0ddfe773,Vrytmq Ojwmixwj,Alpha Build Inc.,3370,Shingle,Mesa,AZ,2023-12-18,0,,,,,,
6802d86005bee83d0ddfe774,Ouzeh Ffftd,RoofPros Inc.,5916,Metal,New York,NY,2023-07-12,0,,,,,,
6802d86005bee83d0ddfe775,Hucxayk Hsfchcq,EcoRoofs Inc.,7139,Metal,Tucson,AZ,2023-05-07,0,,,,,,
6802d86005bee83d0ddfe776,Yeipbz Vclymry,Skyline Roofing Inc.,7777,Metal,Springfield,IL,2023-03-18,0,,,,,,
6802d86005bee83d0ddfe777,Dajdqyda Tjwyj,EcoRoofs Inc.,1326,Shingle,Las Vegas,NV,2023-02-06,0,,,,,,
6802d86005bee83d0ddfe778,Wevqz Sgeoajvz,Alpha Build Inc.,3983,Foam,Phoenix,AZ,2022-09-16,0,,,,,,
6802d86005bee83d0ddfe779,Ecfteuy Nzqcjbh,TopShield Inc.,2418,EPDM,New York,NY,2023-12-25,0,,,,,,
6802d86005bee83d0ddfe77a,Zisyfl Fsppyt,RoofPros Inc.,8624,TPO,San Francisco,CA,2022-11-06,0,,,,,,
6802d86005bee83d0ddfe77b,Cgjjkc Faxbezry,RoofPros Inc.,9791,PVC,Colorado Springs,CO,2022-01-21,0,,,,,,
6802d86005bee83d0ddfe77c,Vqrzkt Gvjzbx,Skyline Roofing Inc.,8725,Foam,Charlotte,NC,2022-05-02,0,,,,,,
6802d86005bee83d0ddfe77d,Tikltmtg Xlaauswt,Alpha Build Inc.,3306,EPDM,Los Angeles,CA,2023-05-15,0,,,,,,
6802d86005bee83d0ddfe77e,Ofcwibh Btyjx,Alpha Build Inc.,6300,Foam,Houston,TX,2022-02-19,0,,,,,,
6802d86005bee83d0ddfe77f,Lvavyvc Ckprth,TopShield Inc.,2443,Foam,Houston,TX,2023-03-31,0,,,,,,
6802d86005bee83d0ddfe780,Phfdr Vkoqcdsg,RoofPros Inc.,9419,EPDM,Dallas,TX,2023-04-11,0,,,,,,
6802d86005bee83d0ddfe781,Wjjnxny Igypmqhx,Alpha Build Inc.,4408,Metal,Boulder,CO,2023-01-28,0,,,,,,
6802d86005bee83d0ddfe782,Cckiqy Voltjuq,Alpha Build Inc.,3960,Shingle,Boulder,CO,2022-09-13,0,,,,,,
6802d86005bee83d0ddfe783,Shthz Gdaim,Alpha Build Inc.,4271,PVC,Tucson,AZ,2023-06-19,0,,,,,,
6802d86005bee83d0ddfe784,Nnyrmk Uqfgqsy,RoofPros Inc.,2258,Metal,Buffalo,NY,2023-01-02,0,,,,,,
6802d86005bee83d0ddfe785,Iksqh Iccaenxy,EcoRoofs Inc.,6936,TPO,Springfield,IL,2023-06-21,0,,,,,,
6802d86005bee83d0ddfe786,Lvtomb Htkkukyp,TopShield Inc.,2101,Shingle,Houston,TX,2022-12-31,0,,,,,,
6802d86005bee83d0ddfe787,Xancv Awnpt,RoofPros Inc.,6464,Metal,New York,NY,2023-02-14,0,,,,,,
6802d86005bee83d0ddfe788,Slvkz Pgljv,EcoRoofs Inc.,8087,EPDM,Phoenix,AZ,2023-02-08,0,,,,,,
6802d86005bee83d0ddfe789,Cumxlmr Czbimp,RoofPros Inc.,8828,Metal,Houston,TX,2023-02-03,0,,,,,,
6802d86005bee83d0ddfe78a,Nyoyq Ajejrih,Skyline Roofing Inc.,8229,EPDM,Colorado Springs,CO,2023-07-24,0,,,,,,
6802d86005bee83d0ddfe78b,Ifruw Oplizzvg,EcoRoofs Inc.,4937,Foam,Naperville,IL,2023-02-16,0,,,,,,
6802d86005bee83d0ddfe78c,Hxnwu Futfnn,RoofPros Inc.,1374,Shingle,Boulder,CO,2023-06-05,0,,,,,,
6802d86005bee83d0ddfe78d,Rzybhuc Pwtpsx,EcoRoofs Inc.,6959,PVC,Durham,NC,2022-05-03,0,,,,,,
6802d86005bee83d0ddfe78e,Zafsuc Lhysifa,RoofPros Inc.,9202,PVC,Phoenix,AZ,2022-11-23,0,,,,,,
6802d86005bee83d0ddfe78f,Upjhydpr Rabgegm,EcoRoofs Inc.,6979,TPO,Spokane,WA,2023-09-20,0,,,,,,
6802d86005bee83d0ddfe790,Tenjryri Oduptre,Alpha Build Inc.,7325,Foam,Phoenix,AZ,2023-05-28,0,,,,,,
6802d86005bee83d0ddfe791,Oqacxql Mobmqare,TopShield Inc.,2174,PVC,Colorado Springs,CO,2023-01-16,0,,,,,,
6802d86005bee83d0ddfe792,Dlbmgv Gmdqub,EcoRoofs Inc.,1827,TPO,Dallas,TX,2023-02-01,0,,,,,,
6802d86005bee83d0ddfe793,Yvdycn Kzyfnu,Skyline Roofing Inc.,5415,Metal,Raleigh,NC,2023-07-21,0,,,,,,
6802d86005bee83d0ddfe794,Obfnxzgn Thhjgnd,RoofPros Inc.,5834,Shingle,Durham,NC,2022-10-21,0,,,,,,
6802d86005bee83d0ddfe795,Xfykb Gvpwh,EcoRoofs Inc.,3989,Foam,Las Vegas,NV,2023-04-22,0,,,,,,
6802d86005bee83d0ddfe796,Erhcgdho Qqovlvx,TopShield Inc.,7351,TPO,Orlando,FL,2022-08-27,0,,,,,,
6802d86005bee83d0ddfe797,Ikapubjx Vyxdr,EcoRoofs Inc.,3911,PVC,Charlotte,NC,2022-11-28,0,,,,,,
6802d86005bee83d0ddfe798,Cmmoysld Sljqbxu,RoofPros Inc.,3564,TPO,Mesa,AZ,2023-08-25,0,,,,,,
6802d86005bee83d0ddfe799,Vbpvv Qcupjxgk,RoofPros Inc.,4811,Shingle,Raleigh,NC,2023-05-29,0,,,,,,
6802d86005bee83d0ddfe79a,Toejff Riwbztsb,TopShield Inc.,1666,Shingle,Springfield,IL,2024-01-25,0,,,,,,
6802d86005bee83d0ddfe79b,Qrbukdv Ekfhkz,EcoRoofs Inc.,5399,TPO,Durham,NC,2022-02-23,0,,,,,,
6802d86005bee83d0ddfe79c,Ydutu Xmfbjfw,Alpha Build Inc.,2851,EPDM,Orlando,FL,2022-07-20,0,,,,,,
6802d86005bee83d0ddfe79d,Mnzswohn Tfszkhv,Alpha Build Inc.,3437,EPDM,Rochester,NY,2022-09-19,0,,,,,,
6802d86005bee83d0ddfe79e,Azimwd Ugzvjmr,RoofPros Inc.,1579,EPDM,San Diego,CA,2023-10-07,0,,,,,,
6802d86005bee83d0ddfe79f,Adcbwti Blgag,TopShield Inc.,5667,Metal,Las Vegas,NV,2023-05-25,0,,,,,,
6802d86005bee83d0ddfe7a0,Fcsdgi Cieoopsc,EcoRoofs Inc.,1654,Metal,Raleigh,NC,2023-03-02,0,,,,,,
6802d86005bee83d0ddfe7a1,Rlpig Cafuvyls,Alpha Build Inc.,9204,TPO,Orlando,FL,2023-04-11,0,,,,,,
6802d86005bee83d0ddfe7a2,Vprxs Hujdmrs,EcoRoofs Inc.,6123,Shingle,Tampa,FL,2022-01-19,0,,,,,,
6802d86005bee83d0ddfe7a3,Poiolzqp Jkjbh,Skyline Roofing Inc.,4369,Foam,Denver,CO,2023-10-31,0,,,,,,
6802d86005bee83d0ddfe7a4,Jescvb Ucmge,EcoRoofs Inc.,1027,Metal,San Francisco,CA,2022-03-13,0,,,,,,
6802d86005bee83d0ddfe7a5,Cisadhr Iykclvtg,Skyline Roofing Inc.,8820,Metal,Los Angeles,CA,2022-11-20,0,,,,,,
6802d86005bee83d0ddfe7a6,Beigpo Qvkeccc,EcoRoofs Inc.,9879,Foam,Orlando,FL,2023-04-12,0,,,,,,
6802d86005bee83d0ddfe7a7,Wdsfqxqp Ismih,Skyline Roofing Inc.,1154,Foam,Denver,CO,2023-11-10,0,,,,,,
6802d86005bee83d0ddfe7a8,Knkmqxbt Vmpmk,Skyline Roofing Inc.,5875,EPDM,Durham,NC,2023-06-24,0,,,,,,
6802d86005bee83d0ddfe7a9,Oavdkcmp Grkzju,RoofPros Inc.,2784,Foam,Reno,NV,2022-09-04,0,,,,,,
6802d86005bee83d0ddfe7aa,Krwupn Mwnvdh,Skyline Roofing Inc.,6379,EPDM,Henderson,NV,2023-02-16,0,,,,,,
6802d86005bee83d0ddfe7ab,Ysrmogdy Dijvpix,TopShield Inc.,5678,Metal,Los Angeles,CA,2023-08-06,0,,,,,,
6802d86005bee83d0ddfe7ac,Zujzsk Oglsf,Alpha Build Inc.,3813,Shingle,San Diego,CA,2022-03-28,0,,,,,,
6802d86005bee83d0ddfe7ad,Nruzzr Asrteiy,TopShield Inc.,9819,Foam,Tampa,FL,2024-01-15,0,,,,,,
6802d86005bee83d0ddfe7ae,Eunpgcpc Tjxwk,RoofPros Inc.,7858,PVC,San Francisco,CA,2022-09-20,0,,,,,,
6802d86005bee83d0ddfe7af,Pwzzke Fmdtku,TopShield Inc.,5185,PVC,Rochester,NY,2022-05-20,0,,,,,,
6802d86005bee83d0ddfe7b0,Nslmxpoc Umtjvvq,Alpha Build Inc.,8944,TPO,Reno,NV,2023-01-16,0,,,,,,
6802d86005bee83d0ddfe7b1,Xfjrd Eilak,Skyline Roofing Inc.,8246,Metal,Chicago,IL,2022-06-23,0,,,,,,
6802d86005bee83d0ddfe7b2,Futyo Wtwglpql,Alpha Build Inc.,7112,EPDM,New York,NY,2023-02-27,0,,,,,,
6802d86005bee83d0ddfe7b3,Gysvgwl Oswjuyv,Skyline Roofing Inc.,1571,Foam,Seattle,WA,2022-01-27,0,,,,,,
6802d86005bee83d0ddfe7b4,Apghi Vifufh,Alpha Build Inc.,3004,Foam,Tucson,AZ,2023-03-09,0,,,,,,
6802d86005bee83d0ddfe7b5,Zjvkidy Jdlihcva,Skyline Roofing Inc.,7999,EPDM,Tucson,AZ,2024-03-15,0,,,,,,
6802d86005bee83d0ddfe7b6,Bfrhjl Edikelt,Skyline Roofing Inc.,4855,Shingle,Tucson,AZ,2022-07-03,0,,,,,,
6802d86005bee83d0ddfe7b7,Mfehrbrq Eduuq,Skyline Roofing Inc.,7504,Foam,Charlotte,NC,2023-03-30,0,,,,,,
6802d86005bee83d0ddfe7b8,Prexd Qbemzkop,TopShield Inc.,7057,PVC,Charlotte,NC,2023-06-03,0,,,,,,
6802d86005bee83d0ddfe7b9,Eryoxjd Ccfgii,EcoRoofs Inc.,9987,PVC,Raleigh,NC,2023-05-05,0,,,,,,
6802d86005bee83d0ddfe7ba,Yfcddhh Arncfpnw,Alpha Build Inc.,3570,Metal,Henderson,NV,2023-10-18,0,,,,,,
6802d86005bee83d0ddfe7bb,Qmuzf Gvkhpz,EcoRoofs Inc.,9730,EPDM,San Diego,CA,2022-09-11,0,,,,,,
6802d86005bee83d0ddfe7bc,Souyugoi Jvruho,Alpha Build Inc.,1920,Shingle,Henderson,NV,2022-07-05,0,,,,,,
6802d86005bee83d0ddfe7bd,Zcnhcls Ahlrpvm,TopShield Inc.,6273,EPDM,Raleigh,NC,2023-09-18,0,,,,,,
6802d86005bee83d0ddfe7be,Grdzoexv Zmgndhm,EcoRoofs Inc.,8551,Metal,Buffalo,NY,2023-12-30,0,,,,,,
6802d86005bee83d0ddfe7bf,Toyfvz Vwzwpwxc,Skyline Roofing Inc.,8105,EPDM,Tucson,AZ,2022-04-13,0,,,,,,
6802d86005bee83d0ddfe7c0,Rwvjno Jahvlxwh,RoofPros Inc.,2783,EPDM,Raleigh,NC,2023-03-29,0,,,,,,
6802d86005bee83d0ddfe7c1,Bymjgaey Vvzbgqcw,Alpha Build Inc.,5659,PVC,Naperville,IL,2024-03-03,0,,,,,,
6802d86005bee83d0ddfe7c2,Iqovzr Wctrn,EcoRoofs Inc.,7151,Metal,Colorado Springs,CO,2023-10-01,0,,,,,,
6802d86005bee83d0ddfe7c3,Kfhqowr Pswazovu,TopShield Inc.,5615,PVC,San Diego,CA,2022-12-15,0,,,,,,
6802d86005bee83d0ddfe7c4,Xvhwx Tycyci,EcoRoofs Inc.,8106,Metal,San Diego,CA,2023-04-23,0,,,,,,
6802d86005bee83d0ddfe7c5,Kaqqs Nebcwvdw,TopShield Inc.,3533,Metal,Reno,NV,2022-03-17,0,,,,,,
6802d86005bee83d0ddfe7c6,Dhmht Zhexuse,EcoRoofs Inc.,4025,Shingle,Austin,TX,2023-12-03,0,,,,,,
6802d86005bee83d0ddfe7c7,Cimemxo Ourytb,RoofPros Inc.,9432,TPO,Naperville,IL,2024-02-13,0,,,,,,
6802d86005bee83d0ddfe7c8,Egpcah Skruapgo,Alpha Build Inc.,9338,EPDM,San Diego,CA,2024-01-16,0,,,,,,
6802d86005bee83d0ddfe7c9,Hszkay Chpzndrg,Skyline Roofing Inc.,7795,TPO,Rochester,NY,2023-02-23,0,,,,,,
6802d86005bee83d0ddfe7ca,Qmmhrh Nsegimq,RoofPros Inc.,3592,Shingle,Mesa,AZ,2023-05-04,0,,,,,,
6802d86005bee83d0ddfe7cb,Htyyn Sykjp,EcoRoofs Inc.,9586,EPDM,Austin,TX,2022-09-08,0,,,,,,
6802d86005bee83d0ddfe7cc,Etijka Arfvvul,RoofPros Inc.,6010,Shingle,Tacoma,WA,2022-02-26,0,,,,,,
6802d86005bee83d0ddfe7cd,Chlblln Ugtagf,TopShield Inc.,3893,Shingle,Tacoma,WA,2023-03-24,0,,,,,,
6802d86005bee83d0ddfe7ce,Dqyktwzb Joqvzyds,Alpha Build Inc.,1415,TPO,San Francisco,CA,2023-07-16,0,,,,,,
6802d86005bee83d0ddfe7cf,Chdlu Bwnwqeb,RoofPros Inc.,4323,Metal,Reno,NV,2023-10-25,0,,,,,,
6802d86005bee83d0ddfe7d0,Qxzkmqu Nyrwnt,TopShield Inc.,8969,EPDM,San Diego,CA,2023-05-19,0,,,,,,
6802d86005bee83d0ddfe7d1,Beykllqy Jmombfcv,EcoRoofs Inc.,4138,EPDM,Colorado Springs,CO,2024-02-26,0,,,,,,
6802d86005bee83d0ddfe7d2,Eefwr Lrmcn,TopShield Inc.,7340,TPO,Austin,TX,2024-03-09,0,,,,,,
6802d86005bee83d0ddfe7d3,Zsyuwer Nwreq,EcoRoofs Inc.,1128,PVC,Spokane,WA,2023-05-01,0,,,,,,
6802d86005bee83d0ddfe7d4,Evozte Yjuqqwj,Alpha Build Inc.,7726,TPO,Miami,FL,2022-11-04,0,,,,,,
6802d86005bee83d0ddfe7d5,Bigebi Bfvnghzk,TopShield Inc.,6909,PVC,Raleigh,NC,2022-01-15,0,,,,,,
6802d86005bee83d0ddfe7d6,Pqeayec Ysszc,EcoRoofs Inc.,5447,EPDM,Spokane,WA,2023-11-24,0,,,,,,
6802d86005bee83d0ddfe7d7,Agwutwnt Qzypbvpb,Alpha Build Inc.,3009,TPO,Naperville,IL,2023-03-03,0,,,,,,
6802d86005bee83d0ddfe7d8,Zmahykw Dzgzog,Skyline Roofing Inc.,2937,EPDM,Boulder,CO,2024-02-29,0,,,,,,
6802d86005bee83d0ddfe7d9,Ixvnq Xasghfp,Alpha Build Inc.,9662,Foam,Rochester,NY,2022-01-01,0,,,,,,
6802d86005bee83d0ddfe7da,Ehopb Vpefh,TopShield Inc.,8231,Foam,Chicago,IL,2022-09-17,0,,,,,,
6802d86005bee83d0ddfe7db,Oxtsq Cyzowud,RoofPros Inc.,6214,TPO,Durham,NC,2024-01-15,0,,,,,,
6802d86005bee83d0ddfe7dc,Tjwzfoim Cwqfn,Alpha Build Inc.,6994,EPDM,Charlotte,NC,2023-05-15,0,,,,,,
6802d86005bee83d0ddfe7dd,Rjsoskea Lmdyo,TopShield Inc.,6177,Shingle,Buffalo,NY,2023-05-23,0,,,,,,
6802d86005bee83d0ddfe7de,Fudzrdm Dbmtdfq,TopShield Inc.,3369,Shingle,Buffalo,NY,2022-07-09,0,,,,,,
6802d86005bee83d0ddfe7df,Jowrzz Kkzivhr,RoofPros Inc.,1996,PVC,Henderson,NV,2022-02-28,0,,,,,,
6802d86005bee83d0ddfe7e0,Umrxaub Xfthkljf,TopShield Inc.,3282,Foam,Tacoma,WA,2023-12-31,0,,,,,,
6802d86005bee83d0ddfe7e1,Btgnqk Ffmdyp,RoofPros Inc.,5782,EPDM,Spokane,WA,2022-09-19,0,,,,,,
6802d86005bee83d0ddfe7e2,Xmkea Mppefxz,TopShield Inc.,1831,TPO,Denver,CO,2022-10-28,0,,,,,,
6802d86005bee83d0ddfe7e3,Limpv Mvrjjkns,RoofPros Inc.,5520,Foam,Mesa,AZ,2023-05-13,0,,,,,,
6802d86005bee83d0ddfe7e4,Fshzc Zipddu,Alpha Build Inc.,2535,PVC,Austin,TX,2022-08-15,0,,,,,,
6802d86005bee83d0ddfe7e5,Qsavwsep Fvapw,Skyline Roofing Inc.,5564,Shingle,Springfield,IL,2024-01-23,0,,,,,,
6802d86005bee83d0ddfe7e6,Qyovinw Yypdjya,TopShield Inc.,3782,Shingle,Rochester,NY,2023-10-12,0,,,,,,
6802d86005bee83d0ddfe7e7,Sefgekk Rabasex,EcoRoofs Inc.,9478,TPO,Austin,TX,2022-12-28,0,,,,,,
6802d86005bee83d0ddfe7e8,Rmjlxzfn Njcludp,Alpha Build Inc.,4155,TPO,Dallas,TX,2023-07-23,0,,,,,,
6802d86005bee83d0ddfe7e9,Tetvt Fhsuwucl,TopShield Inc.,4388,PVC,Los Angeles,CA,2022-07-26,0,,,,,,
6802d86005bee83d0ddfe7ea,Qyrqya Huqnafcl,TopShield Inc.,2466,EPDM,Spokane,WA,2023-01-15,0,,,,,,
6802d86005bee83d0ddfe7eb,Bcdxyv Yastnx,RoofPros Inc.,6974,Foam,Miami,FL,2023-01-10,0,,,,,,
6802d86005bee83d0ddfe7ec,Cswtrngp Arbvfikn,RoofPros Inc.,9941,Shingle,Miami,FL,2023-06-21,0,,,,,,
6802d86005bee83d0ddfe7ed,Wbxfulk Qpjeherg,Skyline Roofing Inc.,8486,Metal,Buffalo,NY,2024-01-06,0,,,,,,
6802d86005bee83d0ddfe7ee,Apeljor Vuzpows,Alpha Build Inc.,4841,Shingle,Mesa,AZ,2024-01-23,0,,,,,,
6802d86005bee83d0ddfe7ef,Pnhmj Fpawrsjd,Alpha Build Inc.,3106,Foam,Seattle,WA,2022-06-05,0,,,,,,
6802d86005bee83d0ddfe7f0,Uctgpdw Vfkvcnpe,TopShield Inc.,3710,Shingle,Boulder,CO,2023-03-21,0,,,,,,
6802d86005bee83d0ddfe7f1,Rwdoufek Jvrjvtc,Alpha Build Inc.,5431,Metal,Austin,TX,2024-01-20,0,,,,,,
6802d86005bee83d0ddfe7f2,Pmppi Vfiygfyo,Skyline Roofing Inc.,6017,Metal,Houston,TX,2022-08-27,0,,,,,,
6802d86005bee83d0ddfe7f3,Suyanb Uvjmhm,TopShield Inc.,4177,Shingle,Tucson,AZ,2022-05-31,0,,,,,,
6802d86005bee83d0ddfe7f4,Bvvdi Ftoujg,Alpha Build Inc.,1425,EPDM,Durham,NC,2022-10-01,0,,,,,,
6802d86005bee83d0ddfe7f5,Gvkfhv Ijletes,EcoRoofs Inc.,9234,Metal,Mesa,AZ,2023-08-02,0,,,,,,
6802d86005bee83d0ddfe7f6,Xsxea Ghvosd,Alpha Build Inc.,5328,Foam,Orlando,FL,2022-04-20,0,,,,,,
6802d86005bee83d0ddfe7f7,Zyeffvi Abfypue,Skyline Roofing Inc.,9739,Metal,Colorado Springs,CO,2022-02-02,0,,,,,,
6802d86005bee83d0ddfe7f8,Kyiuupp Capydfnm,TopShield Inc.,6115,TPO,Las Vegas,NV,2022-05-20,0,,,,,,
6802d86005bee83d0ddfe7f9,Jazcxl Npuvcig,Skyline Roofing Inc.,5219,EPDM,Miami,FL,2023-05-19,0,,,,,,
6802d86005bee83d0ddfe7fa,Lucban Ebchsvu,Alpha Build Inc.,1407,Foam,Tucson,AZ,2023-12-25,0,,,,,,
6802d86005bee83d0ddfe7fb,Fexqfb Licnso,Alpha Build Inc.,3895,Shingle,Buffalo,NY,2022-01-07,0,,,,,,
6802d86005bee83d0ddfe7fc,Ehrsmdbc Wcufu,TopShield Inc.,2001,Metal,Tacoma,WA,2022-05-01,0,,,,,,
6802d86005bee83d0ddfe7fd,Cxvcoauu Vcxgqauo,Alpha Build Inc.,5694,PVC,Charlotte,NC,2023-05-07,0,,,,,,
6802d86005bee83d0ddfe7fe,Fhpabw Fhyubmb,Skyline Roofing Inc.,6809,PVC,Tacoma,WA,2022-08-21,0,,,,,,
6802d86005bee83d0ddfe7ff,Llgmlqpj Lyqjhwv,TopShield Inc.,5317,TPO,Miami,FL,2022-02-27,0,,,,,,
6802d86005bee83d0ddfe800,Pmzlc Hdpzq,EcoRoofs Inc.,3698,Shingle,Dallas,TX,2024-03-21,0,,,,,,
6802d86005bee83d0ddfe801,Ucrfex Gosseyg,TopShield Inc.,2306,Foam,Orlando,FL,2024-02-05,0,,,,,,
6802d86005bee83d0ddfe802,Wmfmcqw Ojuytm,Skyline Roofing Inc.,5050,EPDM,Miami,FL,2022-04-23,0,,,,,,
6802d86005bee83d0ddfe803,Rkzlzji Jrnfnhkw,Alpha Build Inc.,2541,TPO,Tacoma,WA,2022-12-18,0,,,,,,
6802d86005bee83d0ddfe804,Trexpnu Dpphng,Alpha Build Inc.,7484,EPDM,Spokane,WA,2023-01-24,0,,,,,,
6802d86005bee83d0ddfe805,Iiiaiyqm Wfjfwywj,Alpha Build Inc.,4418,EPDM,Las Vegas,NV,2023-12-15,0,,,,,,
6802d86005bee83d0ddfe806,Ngsztd Zrbgbde,RoofPros Inc.,2033,Foam,Spokane,WA,2023-11-01,0,,,,,,
6802d86005bee83d0ddfe807,Rpewodt Angosmv,TopShield Inc.,4551,PVC,Henderson,NV,2022-01-03,0,,,,,,
6802d86005bee83d0ddfe808,Gfycuwtv Qbtwy,RoofPros Inc.,1214,EPDM,Dallas,TX,2024-01-28,0,,,,,,
6802d86005bee83d0ddfe809,Alxiasb Boorcxti,TopShield Inc.,2512,Shingle,Colorado Springs,CO,2022-06-09,0,,,,,,
6802d86005bee83d0ddfe80a,Vvqrkv Hhxhc,EcoRoofs Inc.,8168,TPO,Las Vegas,NV,2023-11-20,0,,,,,,
6802d86005bee83d0ddfe80b,Tsbrx Urdkt,TopShield Inc.,8120,TPO,Miami,FL,2023-04-10,0,,,,,,
6802d86005bee83d0ddfe80c,Vwojjxm Yjnojg,Alpha Build Inc.,3963,EPDM,Henderson,NV,2023-05-18,0,,,,,,
6802d86005bee83d0ddfe80d,Ijiyppnt Jjwqkbnn,RoofPros Inc.,4613,EPDM,Houston,TX,2022-07-02,0,,,,,,
6802d86005bee83d0ddfe80e,Ruult Opujwki,EcoRoofs Inc.,7768,TPO,Austin,TX,2022-04-24,0,,,,,,
6802d86005bee83d0ddfe80f,Puprze Lxsrtsgx,TopShield Inc.,6255,PVC,Austin,TX,2022-03-22,0,,,,,,
6802d86005bee83d0ddfe810,Vyepnwyp Uiowyyvb,TopShield Inc.,9144,Shingle,Los Angeles,CA,2022-09-10,0,,,,,,
6802d86005bee83d0ddfe811,Vduchg Ckaea,Skyline Roofing Inc.,1134,PVC,San Francisco,CA,2022-05-09,0,,,,,,
6802d86005bee83d0ddfe812,Ldwrxvv Pgrarrr,RoofPros Inc.,2401,Metal,Durham,NC,2022-03-26,0,,,,,,
6802d86005bee83d0ddfe813,Jgampfe Djhljvk,RoofPros Inc.,9333,Metal,Springfield,IL,2022-09-10,0,,,,,,
6802d86005bee83d0ddfe814,Jwlri Ttiyd,Alpha Build Inc.,9078,TPO,Boulder,CO,2022-09-30,0,,,,,,
6802d86005bee83d0ddfe815,Ypxadsuo Ezabi,Skyline Roofing Inc.,8907,Foam,Phoenix,AZ,2022-02-10,0,,,,,,
6802d86005bee83d0ddfe816,Vhhlkeuk Ccbbtvm,EcoRoofs Inc.,1821,Shingle,Tucson,AZ,2022-08-13,0,,,,,,
6802d86005bee83d0ddfe817,Rwdgaxph Cvjtmvcm,Skyline Roofing Inc.,1784,PVC,Tucson,AZ,2023-01-16,0,,,,,,
6802d86005bee83d0ddfe818,Cwgtf Fenqfojw,TopShield Inc.,7113,Foam,San Francisco,CA,2022-05-04,0,,,,,,
6802d86005bee83d0ddfe819,Uaidzvsv Pibjt,TopShield Inc.,7786,PVC,Mesa,AZ,2022-05-31,0,,,,,,
6802d86005bee83d0ddfe81a,Kntckr Euniezvw,RoofPros Inc.,2708,PVC,Raleigh,NC,2023-08-10,0,,,,,,
6802d86005bee83d0ddfe81b,Snjrv Qbydvzr,Skyline Roofing Inc.,6216,Shingle,Charlotte,NC,2022-06-12,0,,,,,,
6802d86005bee83d0ddfe81c,Siavgr Tsbjdap,Alpha Build Inc.,3824,Foam,Las Vegas,NV,2023-01-03,0,,,,,,
6802d86005bee83d0ddfe81d,Pbudced Fczolu,TopShield Inc.,2087,EPDM,Las Vegas,NV,2022-04-16,0,,,,,,
6802d86005bee83d0ddfe81e,Muxwaoxs Fmhkdv,TopShield Inc.,2055,Shingle,Naperville,IL,2022-07-06,0,,,,,,
6802d86005bee83d0ddfe81f,Dmxblaz Dsvtdibx,TopShield Inc.,2313,PVC,Tampa,FL,2024-02-15,0,,,,,,
6802d86005bee83d0ddfe820,Wfzhks Jbijm,TopShield Inc.,5903,Foam,Buffalo,NY,2022-06-03,0,,,,,,
6802d86005bee83d0ddfe821,Tlyysn Jvoucrie,EcoRoofs Inc.,8942,Foam,Las Vegas,NV,2023-10-15,0,,,,,,
6802d86005bee83d0ddfe822,Hguaigh Ogcpu,Alpha Build Inc.,9513,Shingle,Orlando,FL,2022-05-14,0,,,,,,
6802d86005bee83d0ddfe823,Rwasvwbq Srtfrz,TopShield Inc.,9576,EPDM,Orlando,FL,2022-02-02,0,,,,,,
6802d86005bee83d0ddfe824,Chktf Eclgw,Alpha Build Inc.,3532,PVC,Rochester,NY,2022-12-12,0,,,,,,
6802d86005bee83d0ddfe825,Zjgmfr Qdomndf,Skyline Roofing Inc.,4115,Shingle,Tucson,AZ,2023-02-05,0,,,,,,
6802d86005bee83d0ddfe826,Hfikzsk Pxcnpo,Skyline Roofing Inc.,5116,EPDM,Colorado Springs,CO,2023-05-24,0,,,,,,
6802d86005bee83d0ddfe827,Wapxt Wdyaifzt,RoofPros Inc.,5888,PVC,Las Vegas,NV,2023-07-02,0,,,,,,
6802d86005bee83d0ddfe828,Xqcltiwm Iahof,RoofPros Inc.,2563,Foam,Springfield,IL,2022-01-04,0,,,,,,
6802d86005bee83d0ddfe829,Somprh Dlrwq,Skyline Roofing Inc.,1618,TPO,Las Vegas,NV,2024-02-23,0,,,,,,
6802d86005bee83d0ddfe82a,Hdoyn Yjkvwod,TopShield Inc.,3296,TPO,San Diego,CA,2022-11-26,0,,,,,,
6802d86005bee83d0ddfe82b,Kmkzcaaf Qlmkweku,Alpha Build Inc.,8811,Metal,Charlotte,NC,2022-11-18,0,,,,,,
6802d86005bee83d0ddfe82c,Shmln Qzwhvvea,Skyline Roofing Inc.,1801,Metal,Seattle,WA,2022-01-01,0,,,,,,
6802d86005bee83d0ddfe82d,Gpeoy Ubycnlc,Alpha Build Inc.,4415,TPO,Tampa,FL,2023-01-12,0,,,,,,
6802d86005bee83d0ddfe82e,Tbraij Lluchhk,RoofPros Inc.,2382,PVC,Naperville,IL,2022-04-13,0,,,,,,
6802d86005bee83d0ddfe82f,Iuxlkb Coymgj,EcoRoofs Inc.,9407,EPDM,Raleigh,NC,2023-03-05,0,,,,,,
6802d86005bee83d0ddfe830,Qvryu Xeyrql,EcoRoofs Inc.,5438,TPO,Houston,TX,2022-04-05,0,,,,,,
6802d86005bee83d0ddfe831,Ykwswfst Nzvlfp,Skyline Roofing Inc.,2316,TPO,Houston,TX,2023-01-07,0,,,,,,
6802d86005bee83d0ddfe832,Uxtahem Hdzdi,TopShield Inc.,2944,EPDM,Charlotte,NC,2022-09-29,0,,,,,,
6802d86005bee83d0ddfe833,Mmgrdyy Nhbnlbi,TopShield Inc.,4832,EPDM,Dallas,TX,2022-08-01,0,,,,,,
6802d86005bee83d0ddfe834,Qtyzji Vyltjehw,TopShield Inc.,2429,EPDM,Las Vegas,NV,2024-03-23,0,,,,,,
6802d86005bee83d0ddfe835,Zslfgb Dzbdo,TopShield Inc.,9388,TPO,Durham,NC,2023-07-05,0,,,,,,
6802d86005bee83d0ddfe836,Wenspmn Fhrdi,Skyline Roofing Inc.,3528,TPO,Mesa,AZ,2023-03-27,0,,,,,,
6802d86005bee83d0ddfe837,Jxhxf Haqmahb,Alpha Build Inc.,8945,Metal,Colorado Springs,CO,2023-07-26,0,,,,,,
6802d86005bee83d0ddfe838,Nypvcpk Auahle,EcoRoofs Inc.,3265,TPO,Seattle,WA,2022-02-13,0,,,,,,
6802d86005bee83d0ddfe839,Hxsdrg Caqpv,EcoRoofs Inc.,3642,PVC,Boulder,CO,2022-05-18,0,,,,,,
6802d86005bee83d0ddfe83a,Rearwv Zpdsaq,RoofPros Inc.,5868,Shingle,Dallas,TX,2023-05-26,0,,,,,,
6802d86005bee83d0ddfe83b,Kjcgflky Rsdjqtja,EcoRoofs Inc.,6153,EPDM,Denver,CO,2022-12-21,0,,,,,,
6802d86005bee83d0ddfe83c,Spldizd Dxhiet,TopShield Inc.,4480,TPO,Chicago,IL,2022-01-22,0,,,,,,
6802d86005bee83d0ddfe83d,Ywuqlfpf Pfmzwuw,TopShield Inc.,3089,TPO,Rochester,NY,2023-09-15,0,,,,,,
6802d86005bee83d0ddfe83e,Iaoljf Ogovhzri,TopShield Inc.,4269,PVC,Reno,NV,2023-11-03,0,,,,,,
6802d86005bee83d0ddfe83f,Gnpjuc Tfgdacw,Skyline Roofing Inc.,3207,PVC,Boulder,CO,2022-04-05,0,,,,,,
6802d86005bee83d0ddfe840,Jtcxc Rmzlvrvf,Skyline Roofing Inc.,5204,Metal,Phoenix,AZ,2022-07-27,0,,,,,,
6802d86005bee83d0ddfe841,Kmytinpj Spkzwwd,RoofPros Inc.,2766,TPO,Mesa,AZ,2023-04-10,0,,,,,,
6802d86005bee83d0ddfe842,Byzjfw Hcxode,EcoRoofs Inc.,5976,Shingle,Dallas,TX,2023-04-03,0,,,,,,
6802d86005bee83d0ddfe843,Mpzal Bhkzgw,RoofPros Inc.,6441,Metal,Reno,NV,2024-03-16,0,,,,,,
6802d86005bee83d0ddfe844,Mkyunk Xfngtpfx,Alpha Build Inc.,8997,Foam,Buffalo,NY,2022-01-04,0,,,,,,
6802d86005bee83d0ddfe845,Qvmwlp Vqzjawg,RoofPros Inc.,2477,EPDM,Naperville,IL,2022-08-19,0,,,,,,
6802d86005bee83d0ddfe846,Zzsjt Baglzhv,TopShield Inc.,1338,EPDM,Charlotte,NC,2023-03-12,0,,,,,,
6802d86005bee83d0ddfe847,Rpjie Vgedhnh,TopShield Inc.,5861,Shingle,Denver,CO,2022-01-31,0,,,,,,
6802d86005bee83d0ddfe848,Yzxvao Tbgjp,RoofPros Inc.,8656,TPO,Phoenix,AZ,2023-04-27,0,,,,,,
6802d86005bee83d0ddfe849,Gccyup Smxmysfw,Alpha Build Inc.,1218,Shingle,Charlotte,NC,2022-02-11,0,,,,,,
6802d86005bee83d0ddfe84a,Citqt Wuspm,Alpha Build Inc.,2932,Shingle,Henderson,NV,2024-01-19,0,,,,,,
6802d86005bee83d0ddfe84b,Ddyzx Zbmkrsv,Skyline Roofing Inc.,2288,Foam,Miami,FL,2022-10-15,0,,,,,,
6802d86005bee83d0ddfe84c,Weacco Mdyqoc,Alpha Build Inc.,5027,PVC,Springfield,IL,2022-04-13,0,,,,,,
6802d86005bee83d0ddfe84d,Mkaphnl Xjdnlopq,TopShield Inc.,4752,EPDM,Colorado Springs,CO,2024-02-21,0,,,,,,
6802d86005bee83d0ddfe84e,Btazv Mqbmak,Skyline Roofing Inc.,1982,TPO,Houston,TX,2022-01-21,0,,,,,,
6802d86005bee83d0ddfe84f,Ehssxuan Gzekvfpx,RoofPros Inc.,8400,TPO,Charlotte,NC,2023-07-29,0,,,,,,
6802d86005bee83d0ddfe850,Spfkzfj Gphnod,EcoRoofs Inc.,7952,PVC,Rochester,NY,2022-09-20,0,,,,,,
6802d86005bee83d0ddfe851,Iewdkqv Gfwazfou,Alpha Build Inc.,8784,Foam,Boulder,CO,2023-06-04,0,,,,,,
6802d86005bee83d0ddfe852,Dcpdm Zynjtxw,Alpha Build Inc.,4956,TPO,Las Vegas,NV,2022-04-17,0,,,,,,
6802d86005bee83d0ddfe853,Nvgomz Dsyqp,EcoRoofs Inc.,3758,Foam,Phoenix,AZ,2023-07-19,0,,,,,,
6802d86005bee83d0ddfe854,Ducphiz Syylk,TopShield Inc.,1981,Metal,San Francisco,CA,2023-10-27,0,,,,,,
6802d86005bee83d0ddfe855,Cqvlbp Zyhux,Alpha Build Inc.,2458,TPO,Tampa,FL,2023-11-10,0,,,,,,
6802d86005bee83d0ddfe856,Elqppc Mvebc,EcoRoofs Inc.,7865,Metal,Phoenix,AZ,2022-02-05,0,,,,,,
6802d86005bee83d0ddfe857,Qiendvry Olbxl,TopShield Inc.,8837,Foam,Springfield,IL,2022-08-08,0,,,,,,
6802d86005bee83d0ddfe858,Afxuug Udejswm,RoofPros Inc.,9932,Metal,Dallas,TX,2024-03-05,0,,,,,,
6802d86005bee83d0ddfe859,Yvptp Abuyk,RoofPros Inc.,1575,Shingle,Tampa,FL,2023-10-08,0,,,,,,
6802d86005bee83d0ddfe85a,Yekypdnu Yziut,TopShield Inc.,7288,Metal,New York,NY,2024-03-23,0,,,,,,
6802d86005bee83d0ddfe85b,Iuowrlxi Zkahtoys,TopShield Inc.,2513,Foam,San Francisco,CA,2022-03-16,0,,,,,,
6802d86005bee83d0ddfe85c,Rglgufa Frbthb,TopShield Inc.,2217,Metal,Phoenix,AZ,2022-02-02,0,,,,,,
6802d86005bee83d0ddfe85d,Sawzjbnj Eztdnedi,RoofPros Inc.,3937,EPDM,Spokane,WA,2022-10-18,0,,,,,,
6802d86005bee83d0ddfe85e,Yzngr Fxcgxa,RoofPros Inc.,6221,TPO,Orlando,FL,2023-12-12,0,,,,,,
6802d86005bee83d0ddfe85f,Neockob Bpnhwjuz,RoofPros Inc.,8167,Metal,Chicago,IL,2023-03-21,0,,,,,,
6802d86005bee83d0ddfe860,Mwfpypsc Qhnvpt,TopShield Inc.,2439,PVC,Boulder,CO,2023-11-08,0,,,,,,
6802d86005bee83d0ddfe861,Bmxiig Xyodfv,EcoRoofs Inc.,4116,PVC,Tacoma,WA,2024-02-06,0,,,,,,
6802d86005bee83d0ddfe862,Sdlshim Pxinj,TopShield Inc.,8080,Metal,Chicago,IL,2023-02-17,0,,,,,,
6802d86005bee83d0ddfe863,Mvfnc Meavh,Alpha Build Inc.,5662,Foam,San Diego,CA,2023-04-28,0,,,,,,
6802d86005bee83d0ddfe864,Wnmxzurk Mglcdds,Alpha Build Inc.,9865,TPO,Raleigh,NC,2023-03-04,0,,,,,,
6802d86005bee83d0ddfe865,Eyouedpf Rbjrh,EcoRoofs Inc.,6082,Shingle,Henderson,NV,2023-12-08,0,,,,,,
6802d86005bee83d0ddfe866,Bpexuk Kgjgzp,RoofPros Inc.,2926,TPO,Reno,NV,2022-05-26,0,,,,,,
6802d86005bee83d0ddfe867,Uxajynyd Kwkoxs,EcoRoofs Inc.,1510,PVC,Miami,FL,2023-04-21,0,,,,,,
6802d86005bee83d0ddfe868,Abswu Rpkbwt,Alpha Build Inc.,2402,EPDM,Colorado Springs,CO,2022-01-12,0,,,,,,
6802d86005bee83d0ddfe869,Owvwo Gjrglc,TopShield Inc.,5849,Shingle,Tampa,FL,2022-02-04,0,,,,,,
6802d86005bee83d0ddfe86a,Sgtkne Pmicjrzo,Skyline Roofing Inc.,4552,Metal,Denver,CO,2022-06-27,0,,,,,,
6802d86005bee83d0ddfe86b,Svrnoxbw Qbzoloho,EcoRoofs Inc.,3051,EPDM,New York,NY,2023-05-22,0,,,,,,
6802d86005bee83d0ddfe86c,Cwnvxu Vwkeme,Skyline Roofing Inc.,2234,Metal,Henderson,NV,2022-11-02,0,,,,,,
6802d86005bee83d0ddfe86d,Uobhvt Ucuhgb,RoofPros Inc.,4013,Shingle,San Diego,CA,2023-04-07,0,,,,,,
6802d86005bee83d0ddfe86e,Zujhrp Cchtguo,EcoRoofs Inc.,5194,TPO,Rochester,NY,2024-02-10,0,,,,,,
6802d86005bee83d0ddfe86f,Gynudprd Kjdjpx,Skyline Roofing Inc.,7686,Metal,Los Angeles,CA,2022-11-21,0,,,,,,
6802d86005bee83d0ddfe870,Otckgz Vrdkrvc,TopShield Inc.,2972,TPO,Reno,NV,2022-06-29,0,,,,,,
6802d86005bee83d0ddfe871,Hqwlg Idrlm,Alpha Build Inc.,9544,Foam,Denver,CO,2022-06-23,0,,,,,,
6802d86005bee83d0ddfe872,Zflflzsv Iutfax,Skyline Roofing Inc.,2445,EPDM,Austin,TX,2023-06-21,0,,,,,,
6802d86005bee83d0ddfe873,Jmsapwsu Xsbdaxni,Alpha Build Inc.,2184,TPO,Austin,TX,2023-12-30,0,,,,,,
6802d86005bee83d0ddfe874,Qlwmlqtf Tqtppuft,Skyline Roofing Inc.,8196,Foam,Durham,NC,2024-02-15,0,,,,,,
6802d86005bee83d0ddfe875,Vugziih Jvlnusy,RoofPros Inc.,5667,Foam,Denver,CO,2022-03-04,0,,,,,,
6802d86005bee83d0ddfe876,Xyupgyyd Wuinwx,Alpha Build Inc.,4645,Shingle,Springfield,IL,2022-12-14,0,,,,,,
6802d86005bee83d0ddfe877,Sddsp Qrtme,Skyline Roofing Inc.,4782,Foam,San Diego,CA,2022-12-27,0,,,,,,
6802d86005bee83d0ddfe878,Etumh Urdnkmgf,EcoRoofs Inc.,9711,PVC,Springfield,IL,2022-12-26,0,,,,,,
6802d86005bee83d0ddfe879,Sjezh Ircbko,Alpha Build Inc.,2600,TPO,Las Vegas,NV,2024-03-24,0,,,,,,
6802d86005bee83d0ddfe87a,Oysrwij Vwctr,Alpha Build Inc.,4943,Metal,Springfield,IL,2023-10-12,0,,,,,,
6802d86005bee83d0ddfe87b,Yqirz Timig,RoofPros Inc.,2972,EPDM,Reno,NV,2022-10-19,0,,,,,,
6802d86005bee83d0ddfe87c,Lldbyk Yhgubxa,Alpha Build Inc.,3519,TPO,New York,NY,2022-10-12,0,,,,,,
6802d86005bee83d0ddfe87d,Fldikd Nltvrlg,Skyline Roofing Inc.,7369,Foam,Spokane,WA,2023-02-03,0,,,,,,
6802d86005bee83d0ddfe87e,Fkpcsv Vvkxsya,EcoRoofs Inc.,7184,PVC,Naperville,IL,2022-11-07,0,,,,,,
6802d86005bee83d0ddfe87f,Lwmzzlep Likyfq,EcoRoofs Inc.,6414,PVC,Colorado Springs,CO,2022-02-21,0,,,,,,
6802d86005bee83d0ddfe880,Peejmrsf Bdqipz,Skyline Roofing Inc.,9352,PVC,Tucson,AZ,2022-03-01,0,,,,,,
6802d86005bee83d0ddfe881,Tzpfvfwa Fsicenr,Skyline Roofing Inc.,7429,EPDM,Seattle,WA,2023-04-21,0,,,,,,
6802d86005bee83d0ddfe882,Xoyquzr Mdlnnwn,RoofPros Inc.,3805,EPDM,Seattle,WA,2022-09-27,0,,,,,,
6802d86005bee83d0ddfe883,Dmgcphlh Rwikvar,TopShield Inc.,2991,PVC,San Francisco,CA,2023-09-02,0,,,,,,
6802d86005bee83d0ddfe884,Vcvvyhp Jiogj,Alpha Build Inc.,9413,TPO,Tucson,AZ,2023-03-06,0,,,,,,
6802d86005bee83d0ddfe885,Yihrpact Bubkk,TopShield Inc.,6055,TPO,San Diego,CA,2024-01-24,0,,,,,,
6802d86005bee83d0ddfe886,Boofmrgs Ouvvcc,Skyline Roofing Inc.,4118,Foam,Dallas,TX,2022-11-23,0,,,,,,
6802d86005bee83d0ddfe887,Jmttdgc Hgjvugrt,TopShield Inc.,6955,Metal,Tacoma,WA,2022-11-22,0,,,,,,
6802d86005bee83d0ddfe888,Barlxlu Kfkxs,RoofPros Inc.,2164,PVC,Chicago,IL,2023-02-12,0,,,,,,
6802d86005bee83d0ddfe889,Xhpqtql Wlonaw,Alpha Build Inc.,1877,EPDM,Charlotte,NC,2023-05-10,0,,,,,,
6802d86005bee83d0ddfe88a,Fjjbt Wwckicat,RoofPros Inc.,9203,Shingle,Orlando,FL,2023-06-10,0,,,,,,
6802d86005bee83d0ddfe88b,Xhrbet Yfyhkuuf,Skyline Roofing Inc.,1967,EPDM,Spokane,WA,2022-03-16,0,,,,,,
6802d86005bee83d0ddfe88c,Ynyoka Mmpqcip,RoofPros Inc.,5243,Foam,Springfield,IL,2023-03-10,0,,,,,,
6802d86005bee83d0ddfe88d,Logvfdb Pyorfysq,EcoRoofs Inc.,1361,PVC,Tampa,FL,2023-08-20,0,,,,,,
6802d86005bee83d0ddfe88e,Mblysmj Lanfos,Alpha Build Inc.,9858,Foam,Charlotte,NC,2022-08-23,0,,,,,,
6802d86005bee83d0ddfe88f,Lbitheb Kwljnp,TopShield Inc.,1478,PVC,Spokane,WA,2023-05-05,0,,,,,,
6802d86005bee83d0ddfe890,Ascnnus Ehnkp,Alpha Build Inc.,8684,Metal,Seattle,WA,2024-02-12,0,,,,,,
6802d86005bee83d0ddfe891,Raqbbz Otqvlqpn,EcoRoofs Inc.,5286,Foam,Dallas,TX,2022-01-20,0,,,,,,
6802d86005bee83d0ddfe892,Fxjnn Qbqkire,EcoRoofs Inc.,6209,EPDM,Houston,TX,2023-06-18,0,,,,,,
6802d86005bee83d0ddfe893,Vfvqlxfk Vjjgl,Alpha Build Inc.,1767,TPO,Rochester,NY,2023-04-22,0,,,,,,
6802d86005bee83d0ddfe894,Bfmgo Dodaqpno,Alpha Build Inc.,6326,Metal,Orlando,FL,2022-09-27,0,,,,,,
6802d86005bee83d0ddfe895,Cxuyvyai Xmxki,Skyline Roofing Inc.,8325,Metal,Las Vegas,NV,2023-01-20,0,,,,,,
6802d86005bee83d0ddfe896,Ofmza Cgxatamr,Alpha Build Inc.,6721,EPDM,Boulder,CO,2022-08-06,0,,,,,,
6802d86005bee83d0ddfe897,Wdqbfak Bzztfs,EcoRoofs Inc.,7739,Shingle,Austin,TX,2022-11-08,0,,,,,,
6802d86005bee83d0ddfe898,Tdkhd Yktau,TopShield Inc.,7563,Metal,Rochester,NY,2022-12-30,0,,,,,,
6802d86005bee83d0ddfe899,Ppngspb Huymjizx,EcoRoofs Inc.,1788,Foam,Mesa,AZ,2023-09-02,0,,,,,,
6802d86005bee83d0ddfe89a,Jnohujn Wnlgfmnv,RoofPros Inc.,7392,TPO,Phoenix,AZ,2023-02-19,0,,,,,,
6802d86005bee83d0ddfe89b,Pzdejeeq Ljfkuri,Skyline Roofing Inc.,1986,TPO,Boulder,CO,2023-10-04,0,,,,,,
6802d86005bee83d0ddfe89c,Mdale Nybbo,TopShield Inc.,1302,PVC,Mesa,AZ,2022-10-07,0,,,,,,
6802d86005bee83d0ddfe89d,Edejuxyq Jiedrgi,EcoRoofs Inc.,5691,EPDM,Phoenix,AZ,2022-03-08,0,,,,,,
6802d86005bee83d0ddfe89e,Omzyffc Pnanxvg,Alpha Build Inc.,8444,Shingle,Henderson,NV,2023-11-13,0,,,,,,
6802d86005bee83d0ddfe89f,Mpwathl Hstucyk,Skyline Roofing Inc.,3816,PVC,Spokane,WA,2023-10-16,0,,,,,,
6802d86005bee83d0ddfe8a0,Epwycc Pakmll,TopShield Inc.,6555,TPO,Colorado Springs,CO,2022-04-23,0,,,,,,
6802d86005bee83d0ddfe8a1,Woowps Zqlvggc,TopShield Inc.,1263,Shingle,Springfield,IL,2022-05-22,0,,,,,,
6802d86005bee83d0ddfe8a2,Vrrsryb Amdmov,Alpha Build Inc.,5668,TPO,San Francisco,CA,2023-02-13,0,,,,,,
6802d86005bee83d0ddfe8a3,Dzytyho Nqgsqub,Skyline Roofing Inc.,8050,Shingle,Buffalo,NY,2023-08-08,0,,,,,,
6802d86005bee83d0ddfe8a4,Gtazr Vflpsf,TopShield Inc.,2429,Shingle,Dallas,TX,2022-11-05,0,,,,,,
6802d86005bee83d0ddfe8a5,Dyxim Kkseso,Skyline Roofing Inc.,7124,EPDM,Colorado Springs,CO,2024-02-08,0,,,,,,
6802d86005bee83d0ddfe8a6,Wephy Lgfyuo,Alpha Build Inc.,2223,EPDM,Tucson,AZ,2023-02-01,0,,,,,,
6802d86005bee83d0ddfe8a7,Mjwvif Cnuidnv,Skyline Roofing Inc.,4928,Shingle,Los Angeles,CA,2022-01-03,0,,,,,,
6802d86005bee83d0ddfe8a8,Bjgrhij Fdnxpnhq,RoofPros Inc.,7599,Foam,Rochester,NY,2022-03-06,0,,,,,,
6802d86005bee83d0ddfe8a9,Cnjvft Mjnjjt,RoofPros Inc.,7251,EPDM,Raleigh,NC,2022-07-20,0,,,,,,
6802d86005bee83d0ddfe8aa,Bmluip Axdus,Alpha Build Inc.,4132,Metal,Los Angeles,CA,2023-02-26,0,,,,,,
6802d86005bee83d0ddfe8ab,Uupnnxt Jivjhuq,TopShield Inc.,1724,Shingle,Austin,TX,2022-05-18,0,,,,,,
6802d86005bee83d0ddfe8ac,Eozhr Szeyewp,Alpha Build Inc.,1804,TPO,Las Vegas,NV,2022-03-08,0,,,,,,
6802d86005bee83d0ddfe8ad,Kvyxnuyn Apesofg,EcoRoofs Inc.,5462,PVC,Colorado Springs,CO,2024-01-11,0,,,,,,
6802d86005bee83d0ddfe8ae,Bykzfw Leqbpho,RoofPros Inc.,4313,Foam,Naperville,IL,2024-02-27,0,,,,,,
6802d86005bee83d0ddfe8af,Fsiayphn Jejlxfv,Alpha Build Inc.,7875,Foam,Henderson,NV,2023-06-19,0,,,,,,
6802d86005bee83d0ddfe8b0,Rzquvbpj Dobqh,RoofPros Inc.,8035,TPO,Austin,TX,2023-01-28,0,,,,,,
6802d86005bee83d0ddfe8b1,Caohnaye Yfbid,TopShield Inc.,2555,Foam,Las Vegas,NV,2023-06-12,0,,,,,,
6802d86005bee83d0ddfe8b2,Kjcddqz Hhtuwfad,RoofPros Inc.,3117,TPO,Orlando,FL,2023-02-05,0,,,,,,
6802d86005bee83d0ddfe8b3,Mbeeb Kqhdrydx,RoofPros Inc.,4440,Shingle,Houston,TX,2022-07-12,0,,,,,,
6802d86005bee83d0ddfe8b4,Vatfpmor Udqnyhow,Skyline Roofing Inc.,7965,TPO,Phoenix,AZ,2022-06-27,0,,,,,,
6802d86005bee83d0ddfe8b5,Tjkoe Cckenjbp,Alpha Build Inc.,2558,PVC,Seattle,WA,2023-05-17,0,,,,,,
6802d86005bee83d0ddfe8b6,Uzbomm Caurlj,TopShield Inc.,9748,Metal,Austin,TX,2022-10-24,0,,,,,,
6802d86005bee83d0ddfe8b7,Dqcswyo Srpfynn,RoofPros Inc.,9705,PVC,Tampa,FL,2022-12-23,0,,,,,,
6802d86005bee83d0ddfe8b8,Jyhigsg Iqivhtcx,EcoRoofs Inc.,2950,TPO,Naperville,IL,2023-03-31,0,,,,,,
6802d86005bee83d0ddfe8b9,Fjsnrni Ztzgwu,EcoRoofs Inc.,8385,Metal,Chicago,IL,2022-08-26,0,,,,,,
6802d86005bee83d0ddfe8ba,Ojvrkd Umweth,Alpha Build Inc.,8694,Foam,Miami,FL,2023-12-14,0,,,,,,
6802d86005bee83d0ddfe8bb,Sbcig Lniwosga,RoofPros Inc.,7926,TPO,Houston,TX,2022-03-18,0,,,,,,
6802d86005bee83d0ddfe8bc,Orsosfr Kzyifx,TopShield Inc.,1343,PVC,Seattle,WA,2022-07-21,0,,,,,,
6802d86005bee83d0ddfe8bd,Ufque Dhysly,Alpha Build Inc.,1417,Foam,Chicago,IL,2022-07-11,0,,,,,,
6802d86005bee83d0ddfe8be,Ecnuz Dbpzls,TopShield Inc.,1094,PVC,Tacoma,WA,2022-06-20,0,,,,,,
6802d86005bee83d0ddfe8bf,Axqvwv Jcbtw,Alpha Build Inc.,2363,Shingle,Chicago,IL,2022-01-18,0,,,,,,
6802d86005bee83d0ddfe8c0,Pjbzg Yvmau,Skyline Roofing Inc.,4532,Shingle,Henderson,NV,2022-02-09,0,,,,,,
6802d86005bee83d0ddfe8c1,Vussoxzd Nbipr,RoofPros Inc.,2933,TPO,Denver,CO,2023-09-12,0,,,,,,
6802d86005bee83d0ddfe8c2,Mhlxfbj Lssoie,Alpha Build Inc.,4161,Foam,Buffalo,NY,2022-10-17,0,,,,,,
6802d86005bee83d0ddfe8c3,Loukwddy Fjtvceux,Alpha Build Inc.,9761,TPO,Springfield,IL,2023-04-17,0,,,,,,
6802d86005bee83d0ddfe8c4,Qfibqym Nacyaaah,Alpha Build Inc.,10000,TPO,Seattle,WA,2024-03-10,0,,,,,,
6802d86005bee83d0ddfe8c5,Ohyuyb Ubwmh,Alpha Build Inc.,3137,Shingle,Durham,NC,2022-03-11,0,,,,,,
6802d86005bee83d0ddfe8c6,Dqtinpzd Wbzrvzw,RoofPros Inc.,3584,Metal,Reno,NV,2022-04-06,0,,,,,,
6802d86005bee83d0ddfe8c7,Hguhttf Utedx,Alpha Build Inc.,4244,Foam,Raleigh,NC,2024-03-31,0,,,,,,
6802d86005bee83d0ddfe8c8,Ffwksprv Ioamkvzf,RoofPros Inc.,1365,Foam,Tampa,FL,2023-05-22,0,,,,,,
6802d86005bee83d0ddfe8c9,Yfdek Xlddiebq,Alpha Build Inc.,1182,Foam,Springfield,IL,2022-10-31,0,,,,,,
6802d86005bee83d0ddfe8ca,Bjyfyk Bgfksudt,EcoRoofs Inc.,8526,Foam,San Diego,CA,2022-02-15,0,,,,,,
6802d86005bee83d0ddfe8cb,Unnvo Kkhnpp,Alpha Build Inc.,4941,EPDM,Seattle,WA,2023-05-04,0,,,,,,
6802d86005bee83d0ddfe8cc,Pylctgf Pnkpdqri,EcoRoofs Inc.,8913,EPDM,San Diego,CA,2023-12-06,0,,,,,,
6802d86005bee83d0ddfe8cd,Vnsuttl Rtnxzibs,Skyline Roofing Inc.,6930,TPO,Buffalo,NY,2023-05-20,0,,,,,,
6802d86005bee83d0ddfe8ce,Uarwr Dvvdtkxc,Skyline Roofing Inc.,9136,TPO,Raleigh,NC,2023-01-02,0,,,,,,
6802d86005bee83d0ddfe8cf,Hxttcvi Dmkbd,RoofPros Inc.,8634,EPDM,Chicago,IL,2022-07-29,0,,,,,,
6802d86005bee83d0ddfe8d0,Lxqsv Byeylxhe,Alpha Build Inc.,2671,Foam,Mesa,AZ,2023-10-15,0,,,,,,
6802d86005bee83d0ddfe8d1,Ciega Flmxmbc,EcoRoofs Inc.,5652,Metal,Henderson,NV,2022-03-16,0,,,,,,
6802d86005bee83d0ddfe8d2,Xzpqjtsb Hpdntypy,Alpha Build Inc.,6416,PVC,Charlotte,NC,2022-09-12,0,,,,,,
6802d86005bee83d0ddfe8d3,Mvlfy Mwgslu,Skyline Roofing Inc.,3926,EPDM,Phoenix,AZ,2022-02-14,0,,,,,,
6802d86005bee83d0ddfe8d4,Oppanrok Xztdjyh,Skyline Roofing Inc.,5053,PVC,Rochester,NY,2022-10-15,0,,,,,,
6802d86005bee83d0ddfe8d5,Cxabo Xmrfn,Skyline Roofing Inc.,8143,PVC,Durham,NC,2024-01-13,0,,,,,,
6802d86005bee83d0ddfe8d6,Aqvnq Mpnqbber,EcoRoofs Inc.,4111,Metal,Springfield,IL,2024-03-26,0,,,,,,
6802d86005bee83d0ddfe8d7,Lbbmcw Hrnomcg,EcoRoofs Inc.,4803,EPDM,Boulder,CO,2022-05-16,0,,,,,,
6802d86005bee83d0ddfe8d8,Jyqjvzk Lxvwiq,Skyline Roofing Inc.,2858,EPDM,Miami,FL,2023-09-17,0,,,,,,
6802d86005bee83d0ddfe8d9,Uqrszuf Udxfi,Alpha Build Inc.,7166,Metal,Tampa,FL,2023-07-10,0,,,,,,
6802d86005bee83d0ddfe8da,Usueiouk Qngbd,TopShield Inc.,3578,Foam,Tucson,AZ,2023-11-15,0,,,,,,
6802d86005bee83d0ddfe8db,Nfgvgt Boxfkdtt,Alpha Build Inc.,8984,PVC,Mesa,AZ,2023-01-23,0,,,,,,
6802d86005bee83d0ddfe8dc,Pvvef Ywayo,Skyline Roofing Inc.,5284,Foam,Buffalo,NY,2023-09-25,0,,,,,,
6802d86005bee83d0ddfe8dd,Hpestd Mdgtf,TopShield Inc.,6529,Metal,Reno,NV,2022-09-24,0,,,,,,
6802d86005bee83d0ddfe8de,Rwhou Yjwxhezr,Alpha Build Inc.,9172,Foam,San Diego,CA,2023-11-09,0,,,,,,
6802d86005bee83d0ddfe8df,Uaeozjc Xwypxa,RoofPros Inc.,9520,PVC,New York,NY,2022-05-06,0,,,,,,
6802d86005bee83d0ddfe8e0,Xyizq Namxjp,RoofPros Inc.,5912,PVC,Springfield,IL,2023-09-17,0,,,,,,
6802d86005bee83d0ddfe8e1,Scpmg Ksecynsn,Alpha Build Inc.,7037,Shingle,Colorado Springs,CO,2023-03-20,0,,,,,,
6802d86005bee83d0ddfe8e2,Qvjxtqj Xhffu,EcoRoofs Inc.,8308,TPO,San Francisco,CA,2023-06-14,0,,,,,,
6802d86005bee83d0ddfe8e3,Ocpvre Lxbzd,EcoRoofs Inc.,4767,PVC,Mesa,AZ,2023-10-07,0,,,,,,
6802d86005bee83d0ddfe8e4,Xzrvbnb Xcyfbude,EcoRoofs Inc.,6267,EPDM,Tampa,FL,2022-08-23,0,,,,,,
6802d86005bee83d0ddfe8e5,Asxzxysi Bmptyn,EcoRoofs Inc.,4833,Metal,Phoenix,AZ,2022-02-18,0,,,,,,
6802d86005bee83d0ddfe8e6,Hqvwuhy Gepxwzy,TopShield Inc.,6889,Shingle,Boulder,CO,2022-12-28,0,,,,,,
6802d86005bee83d0ddfe8e7,Zfcjbh Welrkdox,EcoRoofs Inc.,2739,PVC,Denver,CO,2022-11-05,0,,,,,,
6802d86005bee83d0ddfe8e8,Sxolp Kvvztvfj,Skyline Roofing Inc.,7963,PVC,Chicago,IL,2023-10-11,0,,,,,,
6802d86005bee83d0ddfe8e9,Jygxdcsa Thgsdgut,Skyline Roofing Inc.,5921,Metal,San Francisco,CA,2023-10-21,0,,,,,,
6802d86005bee83d0ddfe8ea,Ihehv Xgwcm,Alpha Build Inc.,8115,Metal,Mesa,AZ,2022-05-19,0,,,,,,
6802d86005bee83d0ddfe8eb,Tjcufa Xsjrwir,TopShield Inc.,8768,Metal,San Francisco,CA,2023-07-23,0,,,,,,
6802d86005bee83d0ddfe8ec,Ccphzea Fhdzb,RoofPros Inc.,6620,Foam,Mesa,AZ,2023-08-19,0,,,,,,
6802d86005bee83d0ddfe8ed,Cmwadybl Boxdmxu,TopShield Inc.,9986,TPO,Naperville,IL,2024-03-24,0,,,,,,
6802d86005bee83d0ddfe8ee,Pldmk Sybxz,RoofPros Inc.,8033,EPDM,Colorado Springs,CO,2022-06-29,0,,,,,,
6802d86005bee83d0ddfe8ef,Udsqpt Zhklj,TopShield Inc.,1419,Shingle,San Francisco,CA,2024-01-05,0,,,,,,
6802d86005bee83d0ddfe8f0,Hgmxd Ohvbsh,EcoRoofs Inc.,8793,Metal,Seattle,WA,2022-02-04,0,,,,,,
6802d86005bee83d0ddfe8f1,Cfewic Nvrggul,TopShield Inc.,7685,TPO,Denver,CO,2023-12-01,0,,,,,,
6802d86005bee83d0ddfe8f2,Lfjoqzvc Hbleazh,TopShield Inc.,5619,Foam,Spokane,WA,2023-03-12,0,,,,,,
6802d86005bee83d0ddfe8f3,Vvfxcymq Ejqvkxd,TopShield Inc.,4876,TPO,Durham,NC,2022-12-04,0,,,,,,
6802d86005bee83d0ddfe8f4,Bwvapwg Bhqyb,EcoRoofs Inc.,7180,Foam,Buffalo,NY,2022-11-09,0,,,,,,
6802d86005bee83d0ddfe8f5,Iuwbnq Iwjombu,RoofPros Inc.,3621,Foam,Spokane,WA,2024-01-12,0,,,,,,
6802d86005bee83d0ddfe8f6,Jtkegu Kugydws,Skyline Roofing Inc.,4156,Foam,Miami,FL,2024-01-01,0,,,,,,
6802d86005bee83d0ddfe8f7,Llffr Ybzlnb,TopShield Inc.,9028,PVC,Dallas,TX,2022-11-19,0,,,,,,
6802d86005bee83d0ddfe8f8,Izpxrvq Ycdgpb,Alpha Build Inc.,3814,PVC,Colorado Springs,CO,2022-05-10,0,,,,,,
6802d86005bee83d0ddfe8f9,Ecdbpm Idnjvpgf,EcoRoofs Inc.,4715,TPO,Dallas,TX,2022-07-31,0,,,,,,
6802d86005bee83d0ddfe8fa,Onelshi Ittuhd,TopShield Inc.,2158,TPO,Dallas,TX,2024-03-19,0,,,,,,
6802d86005bee83d0ddfe8fb,Oqvskvnr Tsgtqks,EcoRoofs Inc.,3581,TPO,Spokane,WA,2022-02-11,0,,,,,,
6802d86005bee83d0ddfe8fc,Tiiwiv Ztwxx,TopShield Inc.,4477,Shingle,Springfield,IL,2022-05-21,0,,,,,,
6802d86005bee83d0ddfe8fd,Eipbqz Ykwuhwta,Alpha Build Inc.,5989,PVC,Austin,TX,2023-02-04,0,,,,,,
6802d86005bee83d0ddfe8fe,Ddimkp Edmjt,RoofPros Inc.,3201,Shingle,Tampa,FL,2023-05-27,0,,,,,,
6802d86005bee83d0ddfe8ff,Tmexrtm Gxqbjn,EcoRoofs Inc.,6228,EPDM,Colorado Springs,CO,2023-01-24,0,,,,,,
6802d86005bee83d0ddfe900,Bqosqf Ncrvzoxh,EcoRoofs Inc.,5580,Foam,Orlando,FL,2024-01-24,0,,,,,,
6802d86005bee83d0ddfe901,Wwqus Djfhiwlj,Alpha Build Inc.,6936,Metal,Orlando,FL,2022-08-21,0,,,,,,
6802d86005bee83d0ddfe902,Yimrc Kyvkaikt,RoofPros Inc.,3954,Foam,Spokane,WA,2022-02-20,0,,,,,,
6802d86005bee83d0ddfe903,Ndcrkl Kxtwiqtg,RoofPros Inc.,9570,Shingle,Chicago,IL,2022-02-03,0,,,,,,
6802d86005bee83d0ddfe904,Wajzxsd Becep,RoofPros Inc.,9425,PVC,Colorado Springs,CO,2022-07-24,0,,,,,,
6802d86005bee83d0ddfe905,Tvtlu Urnnzmbe,TopShield Inc.,4626,EPDM,Las Vegas,NV,2022-09-22,0,,,,,,
6802d86005bee83d0ddfe906,Jwdjjsn Muzotx,EcoRoofs Inc.,3604,Shingle,Spokane,WA,2023-10-09,0,,,,,,
6802d86005bee83d0ddfe907,Bmviusg Ubtvlao,Skyline Roofing Inc.,8304,PVC,Los Angeles,CA,2022-04-06,0,,,,,,
6802d86005bee83d0ddfe908,Dlabu Tckuodaa,EcoRoofs Inc.,5504,Shingle,New York,NY,2023-11-03,0,,,,,,
6802d86005bee83d0ddfe909,Coftxon Jplynt,EcoRoofs Inc.,4894,Foam,Orlando,FL,2023-03-17,0,,,,,,
6802d86005bee83d0ddfe90a,Ouvlzchp Ijpoy,RoofPros Inc.,1020,TPO,Henderson,NV,2022-07-30,0,,,,,,
6802d86005bee83d0ddfe90b,Wkqcfm Nrcgr,EcoRoofs Inc.,3966,Foam,Mesa,AZ,2024-03-02,0,,,,,,
6802d86005bee83d0ddfe90c,Hkvzbagm Vynjvvms,TopShield Inc.,9357,Metal,Henderson,NV,2023-10-03,0,,,,,,
6802d86005bee83d0ddfe90d,Ownriqh Fakfnzr,TopShield Inc.,8058,Shingle,Naperville,IL,2023-11-08,0,,,,,,
6802d86005bee83d0ddfe90e,Atvmxf Alloxdmp,EcoRoofs Inc.,4698,EPDM,Naperville,IL,2024-03-07,0,,,,,,
6802d86005bee83d0ddfe90f,Umttel Wysape,TopShield Inc.,6574,PVC,Rochester,NY,2023-12-24,0,,,,,,
6802d86005bee83d0ddfe910,Chwyg Colrz,Alpha Build Inc.,7986,TPO,Springfield,IL,2024-01-12,0,,,,,,
6802d86005bee83d0ddfe911,Ykraulv Jvgzho,TopShield Inc.,7595,Shingle,Reno,NV,2023-03-31,0,,,,,,
6802d86005bee83d0ddfe912,Uqcjrh Sacyqp,Alpha Build Inc.,2132,Foam,Naperville,IL,2024-01-31,0,,,,,,
6802d86005bee83d0ddfe913,Jrohetsr Ocmcfe,TopShield Inc.,3418,Metal,Reno,NV,2022-01-24,0,,,,,,
6802d86005bee83d0ddfe914,Wmapap Zuhrqw,EcoRoofs Inc.,8964,TPO,Buffalo,NY,2022-12-10,0,,,,,,
6802d86005bee83d0ddfe915,Zgjrcvzg Zaacqe,TopShield Inc.,2389,TPO,Reno,NV,2022-03-01,0,,,,,,
6802d86005bee83d0ddfe916,Imynh Aspcmf,EcoRoofs Inc.,3576,Metal,Tacoma,WA,2023-06-29,0,,,,,,
6802d86005bee83d0ddfe917,Yhutux Wzepsfh,RoofPros Inc.,2894,Metal,Reno,NV,2022-12-20,0,,,,,,
6802d86005bee83d0ddfe918,Pngnmekt Cygynl,RoofPros Inc.,3659,TPO,Durham,NC,2022-03-30,0,,,,,,
6802d86005bee83d0ddfe919,Zqwmee Vbliz,RoofPros Inc.,8171,Foam,San Francisco,CA,2022-04-02,0,,,,,,
6802d86005bee83d0ddfe91a,Zequwme Bkqpwqw,EcoRoofs Inc.,4288,PVC,Dallas,TX,2023-01-13,0,,,,,,
6802d86005bee83d0ddfe91b,Nymsy Zchpl,RoofPros Inc.,6587,Foam,Houston,TX,2024-03-30,0,,,,,,
6802d86005bee83d0ddfe91c,Kcilsujp Svyrctb,Alpha Build Inc.,6014,Metal,Tampa,FL,2023-06-15,0,,,,,,
6802d86005bee83d0ddfe91d,Pvgwimsd Syspgfx,RoofPros Inc.,2244,PVC,San Francisco,CA,2022-09-17,0,,,,,,
6802d86005bee83d0ddfe91e,Qyrtxyp Rzumtmx,EcoRoofs Inc.,6626,EPDM,San Francisco,CA,2022-02-19,0,,,,,,
6802d86005bee83d0ddfe91f,Sfoszgip Mpenzx,EcoRoofs Inc.,6313,EPDM,Miami,FL,2022-07-10,0,,,,,,
6802d86005bee83d0ddfe920,Bmfzqdx Opwsha,Alpha Build Inc.,4078,PVC,Mesa,AZ,2022-02-07,0,,,,,,
6802d86005bee83d0ddfe921,Ljost Vbykeydi,Alpha Build Inc.,8666,PVC,Dallas,TX,2022-12-20,0,,,,,,
6802d86005bee83d0ddfe922,Hnyni Zaihwivd,EcoRoofs Inc.,8461,Metal,Durham,NC,2023-09-06,0,,,,,,
6802d86005bee83d0ddfe923,Ovoqe Rmooyodm,RoofPros Inc.,6193,EPDM,Tacoma,WA,2023-11-19,0,,,,,,
6802d86005bee83d0ddfe924,Ftwka Rieikp,RoofPros Inc.,8477,PVC,Naperville,IL,2023-07-01,0,,,,,,
6802d86005bee83d0ddfe925,Liynea Ozapzc,TopShield Inc.,3969,TPO,Houston,TX,2023-07-11,0,,,,,,
6802d86005bee83d0ddfe926,Lbokqywp Szzjtvzr,Skyline Roofing Inc.,6979,TPO,Seattle,WA,2022-07-26,0,,,,,,
6802d86005bee83d0ddfe927,Walyhgqe Tkuya,EcoRoofs Inc.,6991,Metal,Rochester,NY,2022-03-24,0,,,,,,
6802d86005bee83d0ddfe928,Vrogmkqm Xhpau,Skyline Roofing Inc.,9786,TPO,Colorado Springs,CO,2024-03-11,0,,,,,,
6802d86005bee83d0ddfe929,Lermu Hangpore,RoofPros Inc.,4077,TPO,Phoenix,AZ,2022-06-03,0,,,,,,
6802d86005bee83d0ddfe92a,Odgopt Nbytzv,RoofPros Inc.,4504,TPO,Charlotte,NC,2024-02-26,0,,,,,,
6802d86005bee83d0ddfe92b,Pxbmgkt Ifvamt,EcoRoofs Inc.,1165,Shingle,Seattle,WA,2023-09-01,0,,,,,,
6802d86005bee83d0ddfe92c,Sdjfza Rfjwred,Alpha Build Inc.,4559,Foam,Tucson,AZ,2022-05-18,0,,,,,,
6802e01aa60e2365017bedb0,,test,,,,,,0,test,1,test,tes,test,2025-04-03T00:00:00.000Z
